"Date","PRECTOTCORR","WS2M","RH2M","T2MDEW","T2M_MAX","T2M_MIN","ALLSKY_SFC_SW_DWN","T2M","PS","WS10M","AH"
2020-01-01,0.26,3.6,60.19,-2.42,9,0.64,13.41,5.08,95.52,4.75,4.11214972531133
2020-01-02,0.03,4.1,65.19,1.55,16.57,1.98,14.34,8.55,95.82,5.46,5.58254452885985
2020-01-03,0,3.59,62.56,1.21,16.84,3.63,15.35,9.3,96.02,4.81,5.62066738983639
2020-01-04,0.01,2.59,61.25,1.14,17.17,3.77,11.66,9.56,95.95,3.66,5.59489618437218
2020-01-05,0,2.34,50.5,-0.96,17.62,3.73,16.26,9.97,95.64,3.38,4.73469538929148
2020-01-06,0.02,4.07,50.5,-0.54,17.49,3.32,15.74,9.75,95.35,5.41,4.6690166437868
2020-01-07,0.01,2.79,55.75,-1.17,15.37,2.18,16.77,8.13,95.64,3.81,4.64696924806761
2020-01-08,0,1.9,54.69,-1.15,16.23,2.07,16.47,8.55,95.8,2.77,4.68337720943926
2020-01-09,0,2.12,54.19,-1.09,16.86,2.48,16.29,8.76,95.8,3.09,4.70347045343974
2020-01-10,0,2.68,63.5,1.46,16.15,2.5,15.3,8.9,95.62,3.73,5.56116941765379
2020-01-11,0,2.83,63.69,2.74,13.83,5.91,7.12,9.37,95.53,3.73,5.74779082519825
2020-01-12,0.49,2.08,77.31,8.12,18.19,7.57,13.9,12.2,95.37,2.85,8.33916486665874
2020-01-13,2.48,3.77,68.56,5.72,18.37,8.33,11.25,12.44,95.08,4.83,7.50663472097706
2020-01-14,0.08,3.93,58.19,1.11,17.51,4.99,14.36,10.01,95.19,5.08,5.46954095566202
2020-01-15,0.16,4.41,71.25,3.86,16.41,2.84,12.46,9.14,95.4,5.84,6.33637487333961
2020-01-16,0.27,4.47,70.19,5.9,17.95,7.34,13.54,11.76,95.62,5.86,7.36606503301488
2020-01-17,0.04,3.26,67.75,3.56,17.55,5.57,16.39,10.34,95.93,4.41,6.50262150499591
2020-01-18,0,2.33,58.69,1.01,18.64,4.28,17.43,10.44,95.95,3.33,5.66877195825813
2020-01-19,0,1.64,50,-0.77,18.4,3.87,17.67,10.3,95.77,2.59,4.78685504001563
2020-01-20,0,3.74,45.25,-2.6,18.07,3.05,17.43,9.81,95.87,5.19,4.19960300507675
2020-01-21,0,5.06,51.81,-0.03,18.07,4.05,17.25,10.21,96.06,6.69,4.93196541190493
2020-01-22,0,4.7,59.06,0.57,16.66,3.29,17.43,9.16,96.06,6.14,5.25901182862098
2020-01-23,0,2.95,53.81,-1.46,17.73,1.87,17.13,8.93,95.95,4.05,4.72159851931506
2020-01-24,0,2.73,47.12,-2.92,18.49,1.62,17.63,9.13,96.02,3.87,4.187780275072
2020-01-25,0,2.71,46.88,-1.72,19.59,2.93,15.56,10.44,96.09,3.89,4.52806320332495
2020-01-26,0,2.27,37.44,-4.53,22.61,3.51,17.48,11.55,95.83,3.48,3.87783171267726
2020-01-27,0,1.19,24.69,-6.32,27.13,6.66,17.32,15.33,95.46,1.83,3.22881369427429
2020-01-28,0,3.56,53.38,3.45,23.03,7.62,17.97,14.11,95.65,4.74,6.47963832239789
2020-01-29,0,1.92,49.19,1.65,22.33,6.19,17.6,13.51,95.69,2.84,5.75470579414506
2020-01-30,0,1.35,35.25,-0.8,24.73,8.98,18.49,15.51,95.62,1.94,4.66044425265507
2020-01-31,0,1.83,34.94,-1.81,22.95,7.73,18.53,14.4,95.64,2.73,4.31731144559415
2020-02-01,0,1.63,40.5,-0.41,23.32,6.52,18.79,14.19,95.6,2.51,4.9403553727472
2020-02-02,0,1.34,36,-0.93,24.05,8.48,19.11,15.23,95.55,1.98,4.67934020242083
2020-02-03,0,2.09,40.88,0.37,22.98,7.68,18.72,14.59,95.74,3.12,5.11032443333178
2020-02-04,0,2.51,43.81,1.4,22.56,8.74,19.34,14.86,95.56,3.44,5.56762367745341
2020-02-05,0,4.62,46.06,2.23,23.79,7.86,19.21,15.19,94.97,6.15,5.97240917178151
2020-02-06,0,3.6,45.62,-0.58,20.06,6.01,18.6,11.88,95.3,4.8,4.82361340320603
2020-02-07,0,2.58,44.12,-3.39,18.01,2.72,19.34,9.61,95.86,3.55,4.04299599080874
2020-02-08,0,2.71,53.06,-0.7,17.76,2.82,20.03,9.63,96.07,3.73,4.8684155622261
2020-02-09,0,3.38,47.69,-1.89,17.75,2.94,19.84,9.87,96.24,4.63,4.44295361122029
2020-02-10,0,2.51,51.25,-0.35,19.8,3.62,19.89,10.86,96.37,3.54,5.08307349089658
2020-02-11,0,1.79,32.94,-4.83,24.48,4.99,20.4,13.72,96.04,2.66,3.90380153658922
2020-02-12,0,1.58,21.56,-7.74,25.62,6.8,20.52,15.58,95.73,2.52,2.86260152679605
2020-02-13,0,1.68,20.94,-6.86,25.13,10.1,18.32,16.47,95.59,2.34,2.93389102628024
2020-02-14,0,2.45,31.38,-2.65,25.38,7.4,20.81,15.55,95.46,3.59,4.15886616402395
2020-02-15,0,2.84,37.12,-0.24,25.8,9.11,20.85,16.58,95.45,3.96,5.23540656110765
2020-02-16,0,3.98,55.12,2.9,20.76,7.12,20.65,13.14,95.71,5.17,6.30281205169152
2020-02-17,0,3.27,60,3.9,19.28,6.9,17.24,12.61,95.6,4.25,6.63916579705162
2020-02-18,0,3.1,56,2.56,19.16,6.43,14.95,12.24,95.58,4.08,6.05559818581553
2020-02-19,0,1.66,50.25,0.83,20.71,5.04,20.84,12.43,95.65,2.49,5.49845246364115
2020-02-20,0,1.23,42.5,-0.75,21.05,5.79,21.46,13,95.54,1.94,4.81784063672997
2020-02-21,0,2.83,48.38,1.37,22.75,5.91,21.39,13.65,95.55,3.8,5.70897893097186
2020-02-22,0,2.49,48.5,1.13,22.1,6.19,20.45,13.46,95.68,3.38,5.65651660798324
2020-02-23,0,4.49,54.25,1.5,18.83,5.87,21.43,11.61,95.87,5.88,5.64006974084783
2020-02-24,0,2.97,53,0.58,20.31,3.98,21.84,11.62,95.79,3.98,5.51356450581593
2020-02-25,0,1.03,40.69,-0.97,23.47,6.51,22.15,14.23,95.51,1.69,4.97571882307464
2020-02-26,0,1.86,30.44,-2.56,23.95,8.01,20.26,16.01,95.17,2.77,4.14821613335255
2020-02-27,0,2.37,21.25,-4.41,28.33,12.6,22.49,19.28,95.1,3.23,3.51961103067095
2020-02-28,0,2.77,34.75,-0.74,25.96,9.16,22,16.95,95.41,3.73,5.01129312542887
2020-02-29,0,2.36,31.62,-1.72,25.25,8.58,21.86,16.41,95.5,3.3,4.41427970816189
2020-03-01,0,2.22,28.25,-3.24,25.95,8.46,21.4,16.55,95.41,3.23,3.97719620386546
2020-03-02,0,2.21,22.81,-5.24,26.53,8.98,22.16,17.14,95.29,3.31,3.32710121128317
2020-03-03,0,3.62,17.69,-7.29,29.92,8.91,22.13,19.23,94.97,5.01,2.92135644864496
2020-03-04,0,4.85,28.38,-1.86,26.89,11.08,21.82,18.66,94.92,6.42,4.53161197497444
2020-03-05,0,4.22,32.94,-1.49,24.18,9.26,21.8,16.37,95.14,5.61,4.58748809345152
2020-03-06,0,2,24.31,-3.81,27.08,9.8,22.64,17.97,95.05,2.81,3.72600784984097
2020-03-07,0,2.56,19.06,-5.67,29.76,9.62,24.5,20.13,94.81,3.52,3.31837406211949
2020-03-08,0,4.02,21.56,-4.56,32.26,11.69,22.06,20.62,94.77,5.39,3.86256698480656
2020-03-09,0,3.16,30,-5.64,24.34,7.04,23,15.05,95.14,4.2,3.85697185267176
2020-03-10,0,2.36,26,-5.58,23.42,6.82,24.12,14.98,94.79,3.34,3.32848657513024
2020-03-11,13.07,4.13,55.56,1.08,14.67,6.97,11.24,10.76,94.77,5.45,5.47593640809496
2020-03-12,0,4.57,60.25,3.43,20.31,5.42,20.23,12.23,95.35,5.99,6.51111810454822
2020-03-13,0,2.62,49.38,0.87,23.94,4.63,24.79,13.65,95.29,3.73,5.82698180263312
2020-03-14,0,1.18,34.81,-0.36,26.19,8.83,24.96,16.8,95.27,1.72,4.97495590908723
2020-03-15,0,1.47,25.62,-2.3,28.66,12.08,25.19,19.44,94.97,2.05,4.28355498299558
2020-03-16,0,1.48,24.31,-2.33,28.85,12.13,25.7,20.17,94.96,1.99,4.24232035335283
2020-03-17,0,3.42,39.19,3.05,27.86,10.88,24.78,18.82,95.3,4.52,6.31720619723932
2020-03-18,0,3.52,45.25,4.22,22.9,11.25,22.29,16.7,95.39,4.72,6.4282785816804
2020-03-19,0.06,3,40.31,2.68,23.36,12.11,12.33,16.51,95.23,4.09,5.66142680542068
2020-03-20,0,2.45,28.81,0.23,29.2,13.02,22.17,19.9,94.98,3.39,4.94876906293593
2020-03-21,0,4.29,27.38,-0.19,29.58,12.26,18.87,20.23,94.72,5.66,4.79485453383519
2020-03-22,0,4.27,22.75,-1.01,31.12,15.96,22.21,22.66,94.4,5.81,4.58594724038715
2020-03-23,0,2.65,26.56,0.92,31.65,14.58,25.84,22.52,94.63,3.61,5.31112490544436
2020-03-24,0,4.46,42.69,5.22,26.6,11.84,21.75,19.22,94.67,5.72,7.04574641815475
2020-03-25,0.02,3.69,33.25,4.18,29.98,14.63,16.34,21.67,94.12,4.8,6.33116971535507
2020-03-26,0,4.32,25.62,-0.77,27.65,14.76,21.42,20.76,94.27,5.73,4.62751257640057
2020-03-27,0,2.8,45.25,4.37,25.26,10.11,23.08,17.56,94.94,3.62,6.76808214696371
2020-03-28,0,2.31,33.31,0.98,27.94,10.2,21.66,19.13,95.14,3.16,5.46854520343204
2020-03-29,0.16,3.48,25.19,-0.4,29.06,12.67,15.56,21.47,94.68,4.8,4.74128657041022
2020-03-30,0,5.07,30,2.89,30.24,15.32,23.25,22.76,94.44,6.73,6.08217455935007
2020-03-31,0,2.95,32.94,0.9,28.12,10.65,25.57,19.18,95.01,3.89,5.42376409652179
2020-04-01,0,3.47,30.5,0.51,27.73,10.79,26.28,19.08,95.04,4.53,4.99248175720601
2020-04-02,0,3.05,26.06,-0.15,31.4,11.99,27.07,21.66,94.76,4.16,4.95924643357633
2020-04-03,0,3.97,19.44,-2.29,35.71,14.65,21.93,24.05,94.25,5.58,4.24211319664147
2020-04-04,0,5.19,24.62,0.77,32.9,15.58,25.63,23.01,94.41,6.84,5.06339916344959
2020-04-05,0,2.8,41.5,3.52,26.65,10.89,25.78,18.7,95.07,3.63,6.64226613903107
2020-04-06,0,3.41,29.94,0.43,26.95,11.68,26.48,19.19,95.24,4.39,4.93270266130516
2020-04-07,0,2.95,26.44,-2.7,26.74,10.13,27,18.63,95.33,3.8,4.21435071590849
2020-04-08,0,3.77,35.06,0.55,26.13,9.83,26.85,17.86,95.26,4.79,5.33859567502255
2020-04-09,0,3.43,38.5,1.23,26.25,9.33,27.85,17.61,95.28,4.38,5.77568802055233
2020-04-10,0,2.91,33.56,0.33,27.55,9.46,26.98,18.43,95.33,3.75,5.28622744228691
2020-04-11,0,3.01,26.94,-0.83,28.26,10.14,26.39,19.3,95.35,3.84,4.4672966610691
2020-04-12,0,3.23,21.31,-2.4,30.08,11.85,26.08,21.15,95.29,4.22,3.9372804812782
2020-04-13,0,2.47,19.81,-2.05,33.08,13.96,27.9,23.58,95.09,3.39,4.20888699317022
2020-04-14,0,2.87,14.38,-4.41,36.39,15.62,28.12,26.16,94.97,3.95,3.53363166158867
2020-04-15,0,2.75,13.69,-3.89,38.48,17.11,27.02,27.96,95.03,3.77,3.71715132485054
2020-04-16,0.01,6.01,42.19,9.88,32.65,19.41,19.09,24.7,95.27,7.62,9.55153799723104
2020-04-17,0.01,3.6,46.25,10.55,31.24,17.19,23.64,23.76,95.11,4.49,9.92757748791332
2020-04-18,0,3.32,25.44,2.9,34.48,16.52,28.14,25,95.05,4.23,5.85771598477963
2020-04-19,0,3.22,20.06,-1.17,35.33,14.73,27.08,25.06,94.92,4.08,4.63457145659412
2020-04-20,0,4.2,14.88,-2.43,37.69,18.58,25.6,27.7,94.47,5.45,3.98277333757964
2020-04-21,0,4.18,19.44,1.83,35.35,21.09,22.25,27.7,94.54,5.48,5.20330065070888
2020-04-22,0,3.83,17.62,0.03,36.01,18.67,24.47,27.37,94.62,5.06,4.63095888280165
2020-04-23,0,5.31,17.38,-0.18,39.38,19.84,26.01,28.68,94.39,6.84,4.90940110031894
2020-04-24,0,3.84,30.5,3.57,32.37,14.55,23.82,23.86,94.87,4.88,6.58415805668477
2020-04-25,0,2.73,33.94,6.08,33.02,16.44,24.37,24.12,94.91,3.47,7.43570868073374
2020-04-26,0,3.84,21.88,2.85,36.9,19.23,22.83,28.15,94.46,5.1,6.0033647706669
2020-04-27,0,6.31,14.25,-1.21,37.8,22.87,28.31,30.04,94.53,8.2,4.3348563087764
2020-04-28,0,3.44,24.88,4.14,35.78,18.98,28.31,27.6,94.97,4.44,6.62271176843682
2020-04-29,0,3.73,23.38,3.92,35.54,20.04,28.09,27.77,95,4.8,6.28208932781754
2020-04-30,0,4.93,20.56,2.64,39.23,20.12,26.59,29.42,94.68,6.32,6.04718508016431
2020-05-01,0,5.77,27.75,1.47,33.3,15.53,24.87,24.26,95.05,7.28,6.12801464778438
2020-05-02,0,3.63,22,-1.77,32.7,14.4,28.68,23.87,95.17,4.6,4.75192820483949
2020-05-03,0,1.68,19.88,-0.02,33.51,17.91,28.44,25.83,95,2.3,4.79586970785001
2020-05-04,0,3.47,25.06,2.94,33.88,17.57,28.99,25.81,95.09,4.45,6.03873360729211
2020-05-05,0,3.66,26.94,1.97,34.12,16.06,28.65,24.92,95.29,4.62,6.17520161088255
2020-05-06,0,2.04,17.94,-3.82,35.08,14.95,28.54,24.93,95.18,2.78,4.11453500204022
2020-05-07,0,1.2,9.88,-7.66,36.67,17.9,29.29,27.46,94.91,1.74,2.60965620588737
2020-05-08,0,3.3,14.88,-2.44,36.98,19.26,28.21,27.88,94.97,4.27,4.02249876023197
2020-05-09,0,3.83,20.12,-0.8,34.08,16.47,26.3,25.27,95.11,4.8,4.70367576333907
2020-05-10,0,2.97,10.69,-6.74,36.35,17.37,28.73,26.77,94.97,3.84,2.71766451472445
2020-05-11,0,2.9,7.06,-10.17,38.42,18.3,28.79,28.34,94.96,3.88,1.95742972676196
2020-05-12,0,3.32,6.31,-12.19,37.68,18.65,28.04,27.92,94.99,4.46,1.70954050610906
2020-05-13,0,3.45,6.94,-10.91,38.28,18.22,24.7,28.56,95.05,4.74,1.94752366398248
2020-05-14,0,3.47,10.75,-4.52,38.84,21.32,28.94,30.12,95.04,4.81,3.28436199319034
2020-05-15,0,4.3,9.88,-5.31,39.69,21.74,29.15,30.94,94.94,5.73,3.15523635153717
2020-05-16,0,3.67,12.62,-3.49,37.68,21.22,29.76,29.33,94.8,4.88,3.69368732894483
2020-05-17,0,3.01,13.06,-1.81,38.83,21.03,29.2,30.24,94.75,4.15,4.01612910940763
2020-05-18,0,2.55,14.75,1.27,40.38,23.08,29.15,32.14,94.63,3.57,5.02341201071764
2020-05-19,0,1.8,14.44,2.26,41.56,24.76,28.21,33.91,94.49,2.49,5.40153943619173
2020-05-20,0,5.63,25.19,6.62,39.23,22.14,28.54,30.67,94.58,7.11,7.92836488334751
2020-05-21,0,6.3,23.94,3.94,36.44,19.04,28.26,27.61,94.76,7.91,6.37601638837458
2020-05-22,0,7.64,30.81,7.08,33.36,20,22.51,26.5,95.07,9.68,7.71590905057532
2020-05-23,0,6.93,40.69,9.03,33.04,17.62,25.56,24.78,95.48,8.73,9.25363667568494
2020-05-24,0,5.92,36.19,6.89,32.11,16.39,27.18,24.4,95.5,7.44,8.05541556296963
2020-05-25,1.89,4.73,23.5,2.61,33.42,19,27.57,26,95.44,5.96,5.72332583503036
2020-05-26,0,4,20.88,2.01,35.79,19.76,28.6,27.65,95.29,5.05,5.57333042452307
2020-05-27,0,2.8,20.88,2.41,34.71,19.71,26.69,27.4,95.22,3.59,5.49687832824427
2020-05-28,0,5,25.69,4.49,33.87,19.43,26.04,26.4,95.2,6.23,6.39794137598114
2020-05-29,0,4.91,32.56,5.44,31.15,16.76,27.18,23.88,95.25,6.16,7.03685088027347
2020-05-30,0,4.16,24.06,3.74,35.26,18.94,25.83,27.4,94.97,5.3,6.33404657938492
2020-05-31,0,4.52,20.19,4.83,40.43,22.02,25.88,31.26,94.68,5.86,6.55970661935733
2020-06-01,0,4.16,23.19,6.27,39.9,22,26.88,31.28,94.84,5.27,7.54250002142519
2020-06-02,0,3.62,27.88,8.13,37.78,22.31,21.28,29.62,94.66,4.68,8.28990730611603
2020-06-03,0,3.58,23,5.23,40.14,22.42,29.06,30.71,94.57,4.63,7.2547145696872
2020-06-04,0,3.66,20.69,3.59,39.52,21.07,29.02,30.48,94.71,4.66,6.44556788806873
2020-06-05,0,4.08,15.12,2.26,42.85,23.67,26.51,33.56,94.59,5.37,5.55249525483999
2020-06-06,0,3.58,20.81,5.8,41.03,23.27,27.2,32.32,94.67,4.54,7.15561502677829
2020-06-07,0,3.52,24.19,5.89,39.64,20.85,28.52,30.08,94.81,4.43,7.37457859088064
2020-06-08,0,1.92,17.44,2.65,41.09,21.6,30.1,31.66,94.62,2.62,5.78909593213742
2020-06-09,0,2.62,13.69,1.93,42.78,24.7,29.15,34.34,94.56,3.5,5.23806572208566
2020-06-10,0,3.55,16.19,2.62,41.08,23.94,29.14,32.85,94.72,4.61,5.72613925276056
2020-06-11,0,3.62,18.31,4.62,41.49,23.62,29.09,33.42,94.59,4.58,6.67441648968505
2020-06-12,0,4.38,12.12,1.23,45.64,27.79,25.94,36.31,94.31,5.66,5.13863144049115
2020-06-13,0,6.12,19.69,4.96,40.7,24.19,29.14,32.05,94.64,7.68,6.67369462962582
2020-06-14,0,3.73,15.62,0.59,40.57,22.51,28.54,31.55,94.81,4.78,5.15449521607551
2020-06-15,0,5.18,15.06,1.4,42.45,23.92,26.74,32.63,94.68,6.56,5.26459661112495
2020-06-16,0,5.05,22.38,1.75,37.24,19.37,29.69,28.35,94.91,6.3,6.20840463103193
2020-06-17,0,4.37,23,1.01,36.52,18.69,30.34,27.77,95.07,5.45,6.17998522411478
2020-06-18,0,4.64,19.56,1.51,36.76,19.26,29.13,28.37,95.24,5.88,5.43207346926681
2020-06-19,0,3.3,17.5,2.24,39.14,21.85,29.66,30.89,95.26,4.45,5.57370134984114
2020-06-20,0,2.44,14.62,1.83,41.54,24.82,29.26,33.19,95.07,3.33,5.26488744706543
2020-06-21,0,3.43,14.62,2.14,42.25,24.94,29.03,34.04,94.81,4.44,5.50641601067505
2020-06-22,0,4.06,24.06,6.49,38.58,22.62,28.93,30.58,94.85,5.12,7.53601455164951
2020-06-23,0,2.88,21.25,4.76,38.51,22.06,29.75,30.57,94.95,3.65,6.65228088396105
2020-06-24,0,3.69,25.94,7.87,37.76,22.45,29.83,30.59,95.09,4.65,8.12925076894271
2020-06-25,0,4.3,24.88,7.77,37.89,23.39,29.49,30.92,95.09,5.37,7.93702336112328
2020-06-26,0,4.44,25.12,5.38,37.48,21.07,29.39,29.15,94.97,5.52,7.28043452008133
2020-06-27,0,4.09,27.12,6.85,36.86,20.93,29.06,29.17,94.91,5.12,7.86866971600645
2020-06-28,0,3.48,22,5.05,38.26,22.06,29.48,30.53,94.88,4.45,6.87220811173649
2020-06-29,0,4.47,22.12,4.47,38.45,21.65,29.4,30.21,94.87,5.64,6.79116633176011
2020-06-30,0,3.16,22,6.19,40.16,21.94,28.55,31.73,94.77,4.05,7.3301759371246
2020-07-01,0,3.18,18.94,3.85,40.51,22.85,29.8,31.8,94.7,4.03,6.33429505199642
2020-07-02,0,4.22,20.62,3.29,38.76,21.48,29.91,30.4,94.65,5.29,6.39604860904093
2020-07-03,0,3.89,22.06,4.62,38.37,21.58,30.11,30.44,94.59,4.91,6.8575273010531
2020-07-04,0,3.77,21.69,5.05,39.12,22.26,29.61,30.88,94.71,4.8,6.90448489507081
2020-07-05,0,3.32,20.88,5.62,40.3,23.18,29.06,32.29,94.6,4.24,7.16821606583521
2020-07-06,0,3.65,28.56,9.94,37.98,23.57,28.98,31.38,94.35,4.56,9.33907995194562
2020-07-07,0,3.79,31.12,10.56,37.13,22.72,28.13,30.53,94.45,4.75,9.72105074714725
2020-07-08,0,3.65,27.19,8.38,37.86,22.74,29.12,30.38,94.72,4.6,8.4248606219065
2020-07-09,0,3.73,29.81,9.61,38.39,22.82,28.71,30.8,94.79,4.66,9.44847591652209
2020-07-10,0,3.88,29.31,10.05,38.4,23.53,28.44,31.42,94.71,4.8,9.60491985699647
2020-07-11,0,4.4,26.75,9.45,38.9,23.53,28.23,31.84,94.81,5.44,8.96543158035291
2020-07-12,0,3.62,21.81,6.61,39.76,24.15,27.47,32.23,94.8,4.54,7.46358016744307
2020-07-13,0,3.95,25.56,6.83,38.86,22.7,27.3,30.3,94.57,4.92,7.88561096844514
2020-07-14,0,4.54,28.81,8.05,36.93,21.32,28.98,29.42,94.59,5.64,8.47370633071663
2020-07-15,0,4.17,29.62,9.21,37.78,22.58,28.94,30.57,94.87,5.2,9.27249693096123
2020-07-16,0,4.54,22.75,6.44,39.48,23.44,28.33,31.59,94.93,5.72,7.52345553787031
2020-07-17,0,3.05,19.81,6.12,40.89,24.31,27.39,33.12,94.6,3.99,7.10749312916076
2020-07-18,0,4.62,21.75,7.97,41.26,25.69,27.63,33.57,94.49,5.8,7.99143785955112
2020-07-19,0,5.38,26,9.13,39.19,24.44,28.58,31.71,94.59,6.7,8.65366675292084
2020-07-20,0,5.67,31,10.48,37.49,23.01,27.46,30.41,94.78,7.06,9.62098529221938
2020-07-21,0,4.79,29.94,8.98,38.31,22.31,28.07,30.12,94.92,5.95,9.14733005359245
2020-07-22,0,4.63,32.31,8.19,36.39,20.73,29.11,28.58,94.83,5.73,9.0768743467816
2020-07-23,0,3.88,32,7.7,36.31,20.06,28.86,28.33,94.6,4.83,8.86733232652636
2020-07-24,0,3.22,25.06,6.44,37.69,21.6,28.68,29.98,94.55,4.06,7.59850454532315
2020-07-25,0,4.38,26.56,7.1,39.09,22.05,28.61,30.59,94.67,5.46,8.32355051746795
2020-07-26,0,4.77,24.19,6.54,38.65,23.02,28.79,31.15,94.78,5.98,7.81298700639451
2020-07-27,0,3.65,24.88,7.91,39.55,23.33,28.13,31.69,94.76,4.59,8.27203238522203
2020-07-28,0,3.48,30.44,10.09,37.9,22.51,27.7,30.83,94.63,4.37,9.66376910816934
2020-07-29,0,4.24,28.81,10.69,38.24,24.19,26.57,31.59,94.66,5.24,9.52750567235357
2020-07-30,0,4.34,26.44,9.93,38.68,25.35,28.58,32.15,94.84,5.38,9.00948443455135
2020-07-31,0,3.52,23.31,8.83,39.85,24.72,27.69,33.01,94.88,4.41,8.31463030419366
2020-08-01,0,4.62,20.12,5.97,40.98,24.42,28.32,32.57,94.77,5.77,7.01104221010764
2020-08-02,0,4.23,23.94,6.77,39.62,23.44,28.25,31.79,94.7,5.3,8.00221363953818
2020-08-03,0,3.55,20.94,5.75,40.65,24.94,28.13,32.99,94.67,4.53,7.46134097270581
2020-08-04,0,3.38,20.12,4.99,41.05,24.61,28.78,33.05,94.57,4.29,7.19199474264911
2020-08-05,0,4.02,17.12,3.67,40.27,25.08,27.98,32.8,94.54,5.21,6.03901568602511
2020-08-06,0,3.77,16,3.17,41.12,24.98,27.79,33.27,94.62,5.01,5.78629244890051
2020-08-07,0,3.67,15.31,2.58,41.55,25.15,27.1,33.56,94.72,4.93,5.62226867404764
2020-08-08,0,3.62,20.31,6.02,41.05,24.71,27.78,33.03,94.7,4.74,7.25222025436783
2020-08-09,0,4.34,26.75,9.21,40.02,24.44,27.9,32.38,94.57,5.47,9.22755820875437
2020-08-10,0,4.88,25.56,9.1,40.24,24.64,27.91,32.63,94.59,6.12,8.93513209696904
2020-08-11,0,5.06,24.44,9.23,41.34,25.65,26.86,33.62,94.8,6.32,9.00353201947378
2020-08-12,0,4.54,25,10.18,41.69,26.25,25.69,33.83,94.88,5.65,9.31237485938845
2020-08-13,0,5.09,26.25,8.72,39.83,24.3,27.36,31.44,94.89,6.34,8.61138781207705
2020-08-14,0,4.71,30.81,9.57,36.96,22.13,27.84,29.87,94.82,5.85,9.28639166359801
2020-08-15,0,4.38,27.62,7.82,38.13,22.23,27.19,30.35,94.78,5.46,8.54422531247743
2020-08-16,0,4.55,26.12,8.06,39.05,22.78,27.44,30.98,94.73,5.73,8.35955679710854
2020-08-17,0,4.82,25.12,8.13,39.7,24.33,27.23,31.76,94.77,6.11,8.38317573617551
2020-08-18,0,4.85,24.25,8.01,39.44,23.57,27.03,31.69,94.77,6.16,8.06257175810427
2020-08-19,0,4.29,21.88,7.03,41.41,24.39,25.89,32.92,94.54,5.56,7.76739467496696
2020-08-20,0,4.5,24.12,8.08,41.33,24.51,27.1,32.5,94.51,5.71,8.37364757839296
2020-08-21,0,4.05,34.81,11.7,37.65,22.29,27.2,30.3,94.71,5.05,10.7393629816735
2020-08-22,0,4.38,32.88,9.8,38.76,21.87,27.09,30.19,94.76,5.44,10.0837205648062
2020-08-23,0,3.7,31.5,9.47,37.06,21.38,26.88,29.51,94.64,4.62,9.31040620807602
2020-08-24,0,3.74,29.25,7.91,37.96,21.2,27.16,29.6,94.58,4.67,8.68781215064237
2020-08-25,0,2.36,28.38,9.23,37.72,22.66,23.96,30.59,94.72,3.06,8.89391429539685
2020-08-26,0,2.42,29.69,10.12,37.1,23.33,26.64,30.63,94.9,3.09,9.32455992563113
2020-08-27,0,2.47,31.56,11.76,38.32,24.27,26.18,31.58,94.83,3.08,10.4313439832434
2020-08-28,0,3.25,30.75,10.91,38.28,23.44,25.9,31.32,94.58,4.02,10.0228776639636
2020-08-29,0,2.66,25.81,8.75,38.3,23.85,25.99,31.48,94.5,3.38,8.48522692121702
2020-08-30,0,3.55,22.94,7.37,40.02,24.33,26.87,32.09,94.64,4.45,7.79186440520834
2020-08-31,0,3.39,19.81,4.16,39,23.52,26.84,31.12,94.7,4.32,6.3880055777707
2020-09-01,0,2.52,15.44,-0.46,40.17,22.06,25.81,31.13,94.55,3.4,4.98151679532239
2020-09-02,0,3.45,15.38,0.26,39.66,21.37,25.64,30.78,94.66,4.52,4.86954021339138
2020-09-03,0,4.03,14.88,0.39,39.24,22.2,26.09,30.94,94.92,5.23,4.75201588166731
2020-09-04,0,5.3,20.19,5.25,38.92,22.28,25.58,31.17,95.07,6.72,6.52806414464354
2020-09-05,0,6.33,34.56,11.4,37.91,23.18,24.14,30.26,94.84,7.93,10.6391834350073
2020-09-06,0,5.72,34.06,9.9,37.2,21.08,24.68,29.24,94.74,7.15,9.92006665611708
2020-09-07,0,4.58,27,7.4,37.76,21.25,25,29.62,94.85,5.77,8.02824595642514
2020-09-08,0,4.63,24.19,5.72,38.42,22.08,25.69,30.08,95.14,5.91,7.37457859088064
2020-09-09,0,4.24,22.56,6.21,38.73,22.55,25.26,30.73,95.2,5.45,7.1236077829001
2020-09-10,0,4.3,26.5,7.55,39.63,22.33,24.74,30.5,94.81,5.45,8.26448495894153
2020-09-11,0,3.48,29.62,8.85,39.72,21.69,24.76,30.53,94.67,4.41,9.25249110316521
2020-09-12,0,2.82,23.44,6.49,38.66,22.5,24.7,30.73,94.84,3.64,7.40147900847422
2020-09-13,0,3,21,5.62,39.84,23.42,24.89,31.84,94.95,3.83,7.03828273597799
2020-09-14,0,2.86,21.62,5.59,39.44,22.37,24.57,31.12,94.92,3.81,6.97166484560336
2020-09-15,0,2.8,23.19,6.19,39.12,23.6,24.82,31.41,94.82,3.65,7.5953132990305
2020-09-16,0,2.11,18.88,3.56,39.19,23.08,25.09,31.14,94.79,2.81,6.09466398820911
2020-09-17,0,3.67,33.12,10.71,36.9,22.78,23.63,30.05,95.03,4.67,10.0805811729803
2020-09-18,0,2.95,30.25,9.79,36.26,23.72,22.27,30.06,95.17,3.74,9.21204403706071
2020-09-19,0,3.47,23.38,4.97,36.55,22.08,23.65,29.01,95.06,4.41,6.72453714436428
2020-09-20,0,3.26,31.12,7.65,35.12,20.11,23.46,27.4,94.98,4.12,8.1926654010997
2020-09-21,0,3.8,42.75,11.87,34.47,20.58,23.4,27.18,95.1,4.72,11.1181736322201
2020-09-22,0,4.23,36.31,8.71,33.96,19.51,23.61,26.46,95.28,5.3,9.07306814683931
2020-09-23,0,3.77,29.62,5.94,34.01,18.8,23.71,26.4,95.33,4.85,7.37668445140372
2020-09-24,0,3.35,28.31,7.09,36.55,20.46,23.76,28.39,95.33,4.48,7.87070136327965
2020-09-25,0,2.03,22.69,6.13,38.82,24.12,22.97,30.76,95.16,2.66,7.17625534430482
2020-09-26,0,1.72,19.44,4.01,39.38,22.89,23,31.15,94.78,2.55,6.27881221183586
2020-09-27,0,3.12,18.94,3.68,39.14,23.51,23.57,30.94,94.8,4.17,6.04860086013299
2020-09-28,0,3.53,19.12,3.88,38.95,23.01,22.82,30.76,95.02,4.8,6.04715743424893
2020-09-29,0,4.98,20.62,5.18,38.64,23.59,23.39,30.96,95.05,6.44,6.59221271231746
2020-09-30,0,3.53,18.5,2.96,38.21,23.05,22.86,30.3,94.85,4.7,5.70750402645678
2020-10-01,0,2.8,25.81,6.65,37.43,22.39,22.52,29.6,94.69,3.76,7.66606603788306
2020-10-02,0,3.13,22.31,4.76,38.78,21.96,22.31,30.09,94.74,4.16,6.80512708880581
2020-10-03,0,4.02,19,3.17,38.57,22.23,22.9,30.23,94.94,5.26,5.83959901075776
2020-10-04,0,4.13,19.44,2.7,37.51,22.01,22.35,29.37,95.12,5.39,5.70221520365661
2020-10-05,0,3.66,21.38,4.02,36.04,23.05,22.57,28.74,95.15,5.01,6.05917093179329
2020-10-06,0,2.86,19.94,2.76,36.18,22.23,22.24,28.83,95.03,3.92,5.67897006393613
2020-10-07,0,3.3,17.69,-0.57,35.33,19.83,22.2,27.34,95.03,4.5,4.64164669091086
2020-10-08,0,3.58,18.31,-0.44,34.77,18.83,22.07,26.66,95.14,4.84,4.62648008584195
2020-10-09,0,3.13,42.75,10.86,33.44,18.59,21.35,26.27,95.33,4,10.5697442038218
2020-10-10,0,3.09,38.81,9.95,33.72,19.82,21.61,26.19,95.38,3.9,9.55285836695232
2020-10-11,0,2.86,35.12,7.08,31.96,17.78,20.65,24.54,95.22,3.61,7.8793922267832
2020-10-12,0,2.42,24.88,2.65,33.03,18.99,21.44,25.1,95,3.24,5.76112043030895
2020-10-13,0,1.81,22.56,3.23,34.69,19.26,21.36,26.81,94.99,2.54,5.74807492570433
2020-10-14,0,4,33.38,7.12,32.61,20.13,20.31,25.66,95.23,5.14,7.97631555226833
2020-10-15,0,4.03,23.25,2.55,34.87,18.8,21.08,26.3,95.23,5.28,5.7580841493874
2020-10-16,0,3.85,19.75,0.46,35.55,18.55,21.25,26.49,95.11,5.11,4.94334202441208
2020-10-17,0,4.54,19.94,0.55,35.15,19.15,21.39,26.41,95,5.95,4.9687061621402
2020-10-18,0,4.21,21.19,0.98,34.48,18.91,20.17,26.12,95,5.58,5.19545214326443
2020-10-19,0,6.4,50.94,11.62,30.51,18.01,18.65,23.49,95.24,8.08,10.7675036658832
2020-10-20,0,5,47.06,10.22,29.55,16.17,20.14,22.71,95.44,6.34,9.51359816086337
2020-10-21,0,3.74,49.75,10.78,29.46,16.05,20.02,22.74,95.49,4.71,10.0747173490569
2020-10-22,0,2.76,37.31,6.09,29.5,15.59,20.17,22.16,95.57,3.51,7.30792376920118
2020-10-23,0,2.43,34.75,2.89,29.4,13.68,20.54,20.87,95.48,3.21,6.31688482510759
2020-10-24,0,2.73,45.06,6.73,29.04,13.62,20.26,20.61,95.38,3.58,8.06799021336289
2020-10-25,0,2.91,44.88,6.37,29.19,13.4,20.28,20.65,95.28,3.86,8.05451275679382
2020-10-26,0,2.8,36.69,4.24,28.4,13.63,20.21,20.5,95.17,3.76,6.52734498615553
2020-10-27,0,2.66,33.88,3.81,28.46,14.45,16.52,20.98,95.06,3.76,6.19824633073204
2020-10-28,0,1.9,32.5,4.1,30.41,15.69,19.7,22.5,95.17,2.66,6.49146974815185
2020-10-29,0,3.2,38.31,5.52,27.38,14.72,19.3,20.76,95.51,4.13,6.91959433262708
2020-10-30,0,3.24,44.44,6.13,25.82,13.62,17.49,19.25,95.58,4.12,7.34754805962753
2020-10-31,0,3.24,49.94,7.37,25.55,13.67,15.6,19.01,95.47,4.15,8.14088467659222
2020-11-01,0.41,2.87,53.38,8.73,25.55,12.96,12.25,19.23,95.4,3.7,8.81526326900327
2020-11-02,0,3.56,54,8.76,25.26,13.02,16.43,18.9,95.62,4.52,8.74573556885531
2020-11-03,0,3.41,51.06,7.38,25.12,12.71,17.9,18.55,95.7,4.39,8.10014651258356
2020-11-04,0,2.82,39.44,3.16,26.04,11.68,18.78,18.47,95.61,3.74,6.22716701413209
2020-11-05,0,2.72,37.5,2.99,27.44,12.29,18.34,19.35,95.61,3.66,6.23672773382117
2020-11-06,0,3.88,52.94,7.19,25.3,12.38,17.92,18.24,95.6,4.96,8.24540988678347
2020-11-07,0.48,3.57,57,9.12,24.26,13.92,15.12,18.51,95.58,4.52,9.02106585994926
2020-11-08,1.17,3.82,61.81,9.23,24.62,12.6,14.85,18.05,95.48,4.84,9.5188424118053
2020-11-09,1.05,2.32,57.06,8.51,23.34,12.4,14.39,18.12,95.53,3,8.82397673332835
2020-11-10,0,1.8,46.44,5.11,23.81,11.62,15.39,17.73,95.42,2.55,7.01686985319363
2020-11-11,0,1.52,52,7.24,23.6,11.78,14.35,18,95.45,2.12,7.98430784211053
2020-11-12,0,2.77,50,6.69,24.69,12.38,16.5,18.12,95.59,3.61,7.73219131907497
2020-11-13,2.84,3.03,59.94,9.65,23.76,13.47,16.1,18.32,95.68,3.84,9.38009510665204
2020-11-14,0.06,3.09,62.5,9.44,23.94,11.87,15.07,17.62,95.77,3.95,9.38171303105603
2020-11-15,0.21,3.67,62.44,9.29,23.37,11.55,15.78,17.25,95.7,4.66,9.16776642527987
2020-11-16,0.02,3.65,50.75,5.32,22.11,10.94,17.59,16.13,95.64,4.68,6.96627555629212
2020-11-17,0,2.62,52.5,5.21,22.73,9.93,17.22,15.74,95.52,3.56,7.0385357711285
2020-11-18,0,2.21,48.19,4.24,23.13,9.92,17.05,16,95.35,3.09,6.56313286083671
2020-11-19,0.37,2.06,49.25,4.49,22.11,10.33,14.59,15.78,95.31,2.91,6.61882860419968
2020-11-20,0,2.28,54.19,6.13,23.69,9.92,17.19,16.45,95.22,3.15,7.58339065950667
2020-11-21,0,2.07,53.38,5.89,23.26,10.73,16.49,16.38,95.25,2.97,7.43860697100208
2020-11-22,0,3.85,44.75,3.25,23.23,9.64,16.23,16.33,95.24,5.07,6.21723717009561
2020-11-23,0,3.96,34.31,0.38,25,11.81,15.41,17.1,95.17,5.22,4.99253200131956
2020-11-24,0,3.7,41.38,1.43,23.25,9.12,15.31,15,95.17,4.8,5.3038731150824
2020-11-25,0,1.86,51.12,2.8,21.83,7.24,17,14.24,95.27,2.62,6.25496920630908
2020-11-26,0,2.52,58.88,5.83,21.63,8.67,16.58,14.72,95.3,3.45,7.41915179484421
2020-11-27,0,2.65,53.44,3.99,21.58,8.17,16.46,14.26,95.3,3.66,6.5468606457379
2020-11-28,0,3.12,41.44,-0.04,22.79,7.19,15.76,14.26,95.17,4.3,5.0767572073237
2020-11-29,0,3.12,31.44,-1.52,26.84,8.87,16.13,16.55,95.01,4.21,4.42630260706301
2020-11-30,0,3.66,32.44,-2.48,22.48,8.16,16.16,14.66,95.36,4.95,4.07263941439089
2020-12-01,0,2.22,57.31,5.21,22.26,8.36,15.58,14.66,95.33,3.14,7.19491260292053
2020-12-02,0,2.3,55.31,3.71,21.38,8.1,16.02,14.19,95.14,3.23,6.74693964609007
2020-12-03,0,3.29,36.31,-1.93,22.62,7.26,16.24,14.18,94.92,4.49,4.42652701392078
2020-12-04,0.09,2.55,38.38,-0.17,22.62,8.19,11.58,14.65,94.94,3.66,4.81542681878271
2020-12-05,0.01,3.62,36.94,1.12,24.85,11.53,11.81,17.41,94.61,4.95,5.47586807569279
2020-12-06,0,4.35,34.56,1.87,27.62,12.51,12.98,18.82,94.53,5.84,5.57087640154608
2020-12-07,0,2.36,35.5,1.01,22.37,11.82,13.63,16.85,95.2,3.16,5.08882298247332
2020-12-08,0,1.91,34.38,-0.92,22.56,8.95,15.54,15.13,95.41,2.84,4.44166817465275
2020-12-09,0,2.12,40.25,1.96,24.6,8.73,15.42,15.9,95.28,3.16,5.44871913444016
2020-12-10,0,3.11,35.69,0.06,25.38,10.98,14.02,16.9,95.18,4.11,5.13143462584052
2020-12-11,0,2.73,40.69,0.37,21.14,9.81,14.28,14.12,95.13,3.8,4.94226845399106
2020-12-12,0,4.53,37.25,-0.58,22.43,7.4,15.8,14.6,94.72,6.11,4.6593924050664
2020-12-13,3.33,5.72,51,5.12,22.56,10.02,15.43,15.45,94.58,7.42,6.71826342380686
2020-12-14,0.01,3.45,46.94,0.48,20.33,5.9,15.94,12.39,95.07,4.69,5.12350322105666
2020-12-15,0,1.67,50.69,1.05,20.05,5.67,15.68,12.27,95.36,2.57,5.49164794196716
2020-12-16,0,2.55,60.94,3.64,17.48,6.4,14.56,11.43,95.59,3.52,6.26455122501515
2020-12-17,0,3.77,56.38,2.87,18.41,6.05,15.9,12.12,95.55,5,6.05127148709248
2020-12-18,0,4.36,61.94,5,18.06,7.86,14.54,12.52,95.45,5.66,6.81562076926636
2020-12-19,0,3.65,58,4.09,20.83,6.58,14.97,13.06,95.32,4.86,6.59939535772301
2020-12-20,0,2.8,59.19,4.23,22.26,6.39,14.8,13.39,95.2,3.96,6.8735358166638
2020-12-21,0,2.71,45.12,1.32,23.63,7.39,14.14,14.4,95.17,3.88,5.57518867845472
2020-12-22,0,4.25,48.56,2.63,21.63,8.28,13.17,13.92,95.35,5.7,5.82618597356033
2020-12-23,0,5.3,63,5.37,19.18,7.66,12.51,12.83,95.65,6.84,7.06692754618108
2020-12-24,0,4,70.38,5.92,18.31,7.36,14.38,11.82,95.81,5.23,7.41375818298302
2020-12-25,0.01,2.33,70,5.41,19.04,5.59,15.75,11.54,95.67,3.29,7.24567992482464
2020-12-26,0,2.28,64.81,3.82,19.12,5.15,15.9,11.3,95.31,3.34,6.60827672875905
2020-12-27,0,2.32,50.06,0.26,21.02,4.51,16.25,11.98,95.01,3.42,5.32622779013191
2020-12-28,0,2.8,45.06,-1.17,21.12,5.23,15.91,12.12,95.07,3.98,4.83629466492351
2020-12-29,0,1.6,31.31,-4.17,21.51,7.51,15.49,13.18,95.09,2.44,3.58907219819395
2020-12-30,0,1.81,29.44,-4.96,21.63,6.15,14.93,13.18,95.1,2.58,3.37471368619705
2020-12-31,0,1.17,27.69,-4.62,23.52,8.73,15.94,14.77,95.12,1.72,3.49973327036993
2021-01-01,0,2.53,29.5,-4.06,22.9,8.22,15,14.27,95.05,3.67,3.61621954869473
2021-01-02,0,1.95,25.94,-4.77,24.76,7.86,15.5,15,94.9,2.89,3.32485424372251
2021-01-03,0,2.88,21.19,-5.34,27.68,9.9,15.46,17.83,94.89,4.13,3.22084700171135
2021-01-04,0,3.4,33.38,0.21,25.61,10.58,8.48,17.22,94.89,4.52,4.89223428684661
2021-01-05,0,4.64,60.5,5.25,19.69,7.56,14.59,13.01,95.17,5.95,6.86258449247185
2021-01-06,0,2.34,49.06,3.56,27.18,8.21,15.4,15.82,95.22,3.22,6.60927756431438
2021-01-07,0,1.71,44.19,2.37,27.42,8.44,16,16.75,95.36,2.52,6.29658281186618
2021-01-08,0,0.94,31.56,0.34,29.26,12.89,16.07,19.08,95.3,1.39,5.16599095925973
2021-01-09,0,2.52,31.69,0.09,28.3,12.36,16.3,18.46,95.39,3.68,5.00055776421748
2021-01-10,0,3.38,35.12,0.58,26.52,10.29,16.27,17.24,95.41,4.86,5.15341673013089
2021-01-11,0,3.12,37,0.73,26.06,10.13,16.44,16.72,95.14,4.52,5.26259340191079
2021-01-12,0,2.98,31.44,-1.27,29.24,10.16,15.48,18.27,94.98,4.09,4.90551179099339
2021-01-13,0,3.96,38.25,-1.45,20.37,7.98,13.88,13.64,95.46,5.16,4.51083108175227
2021-01-14,0,1.85,43.94,-1.38,19.56,4.49,16.92,11.48,95.4,2.68,4.53115188982563
2021-01-15,0,1.86,37.38,-3.17,20.19,6.06,16.94,12.01,95.1,2.68,3.98456820236778
2021-01-16,0,2.98,36.5,-3.88,20.57,5.63,15.89,12.2,95,4.2,3.93712996550309
2021-01-17,0,3.35,41.69,-2.88,18.79,5.1,17.01,10.98,95.42,4.57,4.1662480165304
2021-01-18,0,2.02,44,-2.98,17.88,3.44,17.38,10.55,95.64,2.95,4.27952187816496
2021-01-19,0,2.87,43.38,-1.85,19.6,4.56,13.82,11.51,95.84,3.97,4.48182075330067
2021-01-20,0.56,4.52,63.56,2.08,15.46,5.04,16.51,9.46,96.08,5.85,5.76905133836103
2021-01-21,0,3.6,44.88,-3.42,16.74,2.32,18.15,8.88,95.94,4.84,3.92544918395162
2021-01-22,0,2.55,39.06,-5.07,18.01,2.24,18.02,9.19,95.6,3.69,3.48477578382433
2021-01-23,0,1.25,31.69,-6.52,20.12,3.76,18.32,10.81,95.32,1.95,3.13319089266397
2021-01-24,0,1.73,27.62,-5.35,24.01,5.76,18.05,13.91,95.28,2.78,3.31178752828519
2021-01-25,0,2.29,27.75,-4.64,24.67,7.19,18.23,15.08,95.3,3.45,3.57422175720762
2021-01-26,0,2.72,25.88,-5.03,22.13,9.27,13.91,14.87,95.12,3.93,3.29098380385902
2021-01-27,0.01,3.87,43,-1.17,21.26,6.54,18.2,12.93,95.3,5.16,4.85343864593491
2021-01-28,0,2.68,36.38,-4.33,21.59,3.76,18.31,11.86,95.58,3.83,3.8418226135738
2021-01-29,0,1.52,47.69,2.01,22.44,6.69,17.92,13.97,95.7,2.44,5.73940712955867
2021-01-30,0,1.33,42.69,1.65,24.73,9.37,18.58,15.77,95.35,2.01,5.73374158907587
2021-01-31,0,2.62,32.25,-1.67,25.43,9.8,18.95,16.38,94.78,3.78,4.49410031500219
2021-02-01,0,3.55,27.31,-4.01,26.2,8.19,17.73,15.86,94.61,4.9,3.68807173284759
2021-02-02,0,3.96,38,-0.88,20.81,7.51,16.34,13.85,94.92,5.33,4.53963254128777
2021-02-03,0,3.77,54.94,2.83,21.22,6.78,19.01,13.2,95.33,5.03,6.30557422688823
2021-02-04,0,2.32,59.06,3.69,22.59,5.8,19.28,13.37,95.61,3.36,6.84997933172995
2021-02-05,0,2.39,52.12,2.65,23.85,6.83,19.72,14.19,95.69,3.44,6.35781042043417
2021-02-06,0,2.86,37.44,-1.77,25.08,6.53,20.12,14.89,95.43,4.08,4.7668002751458
2021-02-07,0,2.75,22.06,-7.77,27.22,7.68,18.33,16.33,94.95,4.06,3.0648547926773
2021-02-08,0,2.65,19.12,-6.6,24.29,12.57,12.38,16.94,95.11,3.79,2.75563935084105
2021-02-09,0,1.67,29.44,-2.11,23.17,10.59,16.59,16.19,95.53,2.45,4.05578776085164
2021-02-10,0,2.42,26.44,-3.81,24.56,9.51,19.77,16.25,95.46,3.55,3.65570319107203
2021-02-11,0,1.34,19.44,-6.8,27.63,10.44,20.23,17.92,95.24,1.94,2.97072730397695
2021-02-12,0,4.07,46.75,2.22,23.82,8.28,19.95,15.1,95.4,5.37,6.02877224944931
2021-02-13,0,2.19,45.06,1.23,23.84,7,20.56,14.59,95.26,3.05,5.63285760679868
2021-02-14,0,1.52,32.56,-1.22,25.63,9.67,20.58,17.14,95.11,2.12,4.74925100567207
2021-02-15,0.01,5.65,52.12,2.8,22.23,7.37,20.41,13.77,95.41,7.29,6.19590468521739
2021-02-16,0.06,5.66,49.88,-2.14,15.3,3.69,20.23,8.64,95.82,7.33,4.29620699564067
2021-02-17,0.06,2.61,53.94,-1.23,17.39,1.49,20.69,8.9,95.97,3.54,4.72392879351568
2021-02-18,0,1.2,36.31,-4.27,21.01,5.14,21,11.97,95.83,1.76,3.86086014852553
2021-02-19,0,1.78,24.88,-7.81,23.95,6.89,21.61,14.01,95.78,2.52,3.00162848388733
2021-02-20,0,2.18,33.19,-4.08,23.45,5.58,21.55,13.76,95.78,3.09,3.94312349804554
2021-02-21,0,2.16,30.56,-4.38,21.91,7.97,21.38,13.87,95.61,3.02,3.65531185889336
2021-02-22,0,3.38,32.88,-3.89,20.96,5.86,21.67,12.98,95.66,4.58,3.72269610892889
2021-02-23,0,5.41,51.56,1.58,19.69,5.48,21.62,12.22,95.94,7.01,5.56853440489834
2021-02-24,0,5.35,48,0.07,20.3,4.89,22.31,12.31,95.98,6.95,5.2131852737089
2021-02-25,0,4.67,42.06,-1.82,20.92,5.65,22,12.64,95.73,6.13,4.66273238744062
2021-02-26,0,3.61,44,-0.98,21.05,5.93,22.39,12.77,95.48,4.86,4.91730477641686
2021-02-27,0,2.8,50,1.63,22.18,6.38,22,13.63,95.39,3.77,5.89288079803234
2021-02-28,0,3.32,45.19,0.76,22.66,6.58,21.68,14.01,95.51,4.46,5.45191282905419
2021-03-01,0,3.45,42.56,0.01,22.48,7.05,22.21,14.12,95.55,4.59,5.16940145986384
2021-03-02,0,3.98,42.81,0.13,22.02,6.98,22.96,14,95.59,5.21,5.16160907097794
2021-03-03,0,5.02,42.44,0.18,21.83,6.93,23.14,13.9,95.64,6.51,5.08565942085613
2021-03-04,0,4.8,36.44,-2.67,20.8,5.76,22.32,13.26,95.58,6.2,4.19782586152119
2021-03-05,0,3.91,22.75,-7.5,25.09,5.73,23.68,14.86,95.26,5.28,2.89119923903367
2021-03-06,0,1.88,15.94,-7.89,31.55,8.23,23.55,19.69,95.2,2.8,2.70453798097407
2021-03-07,0,2.52,13.06,-9.39,30.83,11.3,24.46,20.17,95.17,3.69,2.27909106601349
2021-03-08,0,3.65,11.5,-10.79,32.18,10.26,22.32,21.11,94.71,5.18,2.11983685640793
2021-03-09,0,3.84,13.31,-6.49,33.88,15.55,21.54,23.51,94.47,5.2,2.8166254543878
2021-03-10,0,4.78,37.56,4.62,29.77,13.43,20.44,20.65,94.7,6.17,6.74080880448253
2021-03-11,0,6.63,50.88,6.74,25.51,11.71,20.12,18.11,95.12,8.52,7.86360300931517
2021-03-12,0,7.02,51.06,4.62,23.85,10.47,21.83,16.15,95.29,9.02,7.01729553214575
2021-03-13,0,6.21,26.25,-2.46,26.73,9.57,19.61,17.86,94.97,8.01,3.99709459410559
2021-03-14,0,4.02,24.62,-1.38,29.71,13.21,17.54,20.18,94.63,5.28,4.29893140201045
2021-03-15,0,5.5,38.88,2.73,25.93,11.52,23.41,17.73,94.85,7.07,5.87458871430164
2021-03-16,0,2.57,41.31,0.3,23.38,7.66,23.3,15.32,95.07,3.39,5.39899852222322
2021-03-17,0,2.63,26,-4.61,24.55,7.51,24.57,15.93,95.07,3.57,3.52606102373613
2021-03-18,0,4.32,31.69,-1.2,24.03,9.54,20.21,16.41,94.96,5.6,4.42405199088078
2021-03-19,0,4.81,25.75,0,32.94,11.8,15.2,21.9,94.38,6.38,4.96864288945201
2021-03-20,0,2.94,17.56,-1.47,35.25,17.31,20.26,25.97,94.29,4.18,4.26949743035758
2021-03-21,0,4.99,14,-4.54,34.41,20.72,15.52,26.29,94.13,6.71,3.46530028047438
2021-03-22,0,7.26,13.56,-5.81,33.59,16.19,15,24.37,94.06,9.52,3.01315642122661
2021-03-23,0,5.21,34.56,-1.58,23.44,10.29,24.66,16.27,94.91,6.73,4.78417508651431
2021-03-24,0,4.12,30.06,-5.05,21.89,7.03,25.03,14.12,95.29,5.32,3.65113270402977
2021-03-25,0,3.38,40.62,-1.43,21.25,5.99,26.19,13.37,95.4,4.35,4.71124552073943
2021-03-26,0.01,4,46.06,0.35,20.98,6.01,26.35,13.21,95.78,5.11,5.2896668284941
2021-03-27,0,4.57,44.38,-0.19,21.41,6.21,25.73,13.55,96.06,5.87,5.20480417171102
2021-03-28,0,4.38,33.25,-3.49,22.57,5.82,26.92,14.1,96.14,5.65,4.03364225741966
2021-03-29,0,4.87,31.44,-2.75,23.58,6.8,26.49,15.4,95.97,6.28,4.12905840533682
2021-03-30,0,3.86,32.06,-2.6,25.07,8.14,26.62,16.34,95.64,4.98,4.45686710384975
2021-03-31,0,2.26,35.69,-1.29,24.46,6.9,26.71,15.9,95.35,3.04,4.83142325237688
2021-04-01,0,1.93,39.19,1.28,25.41,8.2,26.23,17.04,95.38,2.62,5.68216581245895
2021-04-02,0,1.49,31.62,-0.56,26.88,9.12,27.11,18.27,95.48,2.15,4.9335967821632
2021-04-03,0,2.19,22.31,-4.06,29.18,10.08,27,19.86,95.3,3.08,3.82327283006259
2021-04-04,0,2.98,12.5,-11.2,30.4,10.98,28.3,20.63,95.08,4.28,2.24073425249805
2021-04-05,0,2.45,7.62,-12.54,34.85,12.08,28.13,23.87,94.69,3.61,1.64589513276713
2021-04-06,0,3.55,13.62,-7.57,36.12,16.02,26.57,25.6,94.56,4.82,3.24363816343582
2021-04-07,0,4.2,42.31,6.25,29.76,12.94,26.92,21.15,94.98,5.36,7.81728470966122
2021-04-08,0,4.72,26.62,1.18,32.72,13.75,26.52,22.94,94.94,6.03,5.45284012527716
2021-04-09,0,6.66,33.12,2.49,29.2,12.76,25.03,20.59,95.14,8.49,5.92322540412903
2021-04-10,0,6.76,37.5,2.61,26.37,10.45,25.28,18.22,95.27,8.62,5.83369648008837
2021-04-11,0,5.72,20.81,-4.45,28.6,10.99,24.61,19.45,95.18,7.3,3.48139036360122
2021-04-12,0,4.92,13.56,-8.49,31.29,11.41,26.3,21.17,95.03,6.32,2.50828354225661
2021-04-13,0,2.81,8.88,-10.67,35.24,14.05,28.74,24.24,94.9,3.82,1.95874398287593
2021-04-14,0,2.84,11.12,-7.97,35.35,14.8,28.31,25.15,94.89,3.82,2.58216117575336
2021-04-15,0,4.31,27.31,1.65,33.02,14.8,27.99,23.99,94.83,5.51,5.93921130769355
2021-04-16,0,3.25,15.81,-3.53,38.9,16.02,28.1,27.71,94.5,4.39,4.23403211257341
2021-04-17,0,4.5,7.75,-8.19,41.21,20.43,26.5,30.69,94.42,6.07,2.44188786021434
2021-04-18,0,3.95,29.5,5.62,33.97,19.43,20.13,26.3,94.72,5.09,7.30595623255605
2021-04-19,0,5.8,40.81,8.73,31.59,16.87,22.37,23.69,94.95,7.33,8.72506770829812
2021-04-20,0,6.42,33.44,1.59,27.14,12.59,24.86,19.62,95.15,8.14,5.65048887711722
2021-04-21,0,6.05,24.75,-1.37,28.03,12.78,25.82,20.51,95.14,7.73,4.40572482492613
2021-04-22,0,5.61,23.75,-1.12,26.23,14.82,15.14,20.77,95.07,7.24,4.29224884074008
2021-04-23,0,4.27,14.88,-3.28,35.04,17.44,22.49,26.34,94.75,5.61,3.69340254903573
2021-04-24,0,3.84,17.75,-1.17,39.13,18.96,27.43,28.22,94.51,5.1,4.88896556998896
2021-04-25,0,4.21,33.88,3.18,34.46,13.75,27.42,23.44,94.89,5.31,7.14104488290826
2021-04-26,0,3.48,37.62,4.1,33.33,12.3,28.01,22.4,95.04,4.41,7.47108136602329
2021-04-27,0,2.83,19.75,-1.88,36.23,14.82,29.72,25.38,94.83,3.8,4.64580237237905
2021-04-28,0,3.48,11.25,-6.88,38.01,17.08,29.59,27.09,94.77,4.72,2.9112794915987
2021-04-29,0,2.88,7.38,-11.17,36.85,17.09,28.94,27.27,94.87,4.11,1.92893752570817
2021-04-30,0,3.61,5.94,-11.85,38.8,19.08,29.04,28.78,94.91,4.98,1.68710751819505
2021-05-01,0,3.66,4.69,-14.41,38.87,19.58,30.55,28.84,94.92,5.12,1.33645652568466
2021-05-02,0,4.07,7.31,-9.13,39.55,19.08,28.19,29.36,94.93,5.67,2.14302928023472
2021-05-03,0,3.66,10.94,-3.86,40.22,21.18,28.2,30.69,94.87,5.13,3.44700041170902
2021-05-04,0,4.05,12.19,-2.31,40.76,21.37,26.89,31.27,94.79,5.6,3.96264391977892
2021-05-05,0,3,11.62,-2.76,38.75,23.79,28.01,31.01,94.65,4.3,3.72492359896406
2021-05-06,0,3.27,7.88,-6.74,42.2,22.3,29.01,32.27,94.6,4.64,2.70236408955174
2021-05-07,0,3.37,7.81,-6.69,42.77,22.01,29.41,32.93,94.59,4.59,2.774019110518
2021-05-08,0,5.34,21,3.79,40.31,21.58,27.91,30.67,94.77,6.81,6.60959359072242
2021-05-09,0,5.88,24.38,4.5,36.3,18.94,23.33,27.58,94.99,7.44,6.48245519764967
2021-05-10,0,4.38,19.62,0.82,38.34,19.72,27.17,28.42,94.97,5.53,5.4637095282885
2021-05-11,0,2.88,16.25,1.05,40.69,21.68,27.58,31.33,94.72,3.88,5.29948680772349
2021-05-12,0,2.75,13.69,-0.17,40.9,22.87,28.21,32.08,94.53,3.77,4.64750223603994
2021-05-13,0,5.17,17.31,0.92,37.23,21.1,28.66,29.19,94.68,6.55,5.02785324983597
2021-05-14,0,6,23.38,3.71,37.21,19.9,26.52,28.05,94.76,7.59,6.37973940204197
2021-05-15,0,4.97,16.94,1.18,39.55,22.01,28.43,30.58,94.75,6.33,5.30590550727111
2021-05-16,0,4.91,19.69,0.93,38.77,19.29,28.58,28.59,94.96,6.21,5.53456000909258
2021-05-17,0,3.66,16.94,-0.97,37.12,17.76,29.87,27.64,95.09,4.63,4.51916268855442
2021-05-18,0,3,13.94,-2.69,37.73,19.86,29.68,28.93,95.08,3.95,3.99192218108815
2021-05-19,0,2.75,13.75,-0.88,38.51,22.72,28.01,30.33,94.99,3.65,4.24895333527085
2021-05-20,0,3.24,13.38,-1.23,39.43,21.59,28.46,31.08,94.93,4.31,4.30529368140108
2021-05-21,0,4.26,19.44,3.29,38.18,22.92,27.47,30.04,95.07,5.42,5.91365660649917
2021-05-22,0,4.03,24.94,4.85,37.93,18.91,29.4,28.5,95.18,5.09,6.97575165192686
2021-05-23,0,3.83,18.12,1.76,39.81,20.99,29.55,29.9,95.08,4.85,5.47041846881084
2021-05-24,0,3.68,10.06,-5.49,39.07,21.13,30.08,29.77,95.1,4.77,3.01574946856712
2021-05-25,0,3.27,8.06,-6.96,40.58,21.81,30.07,30.81,94.99,4.3,2.55604727115182
2021-05-26,0,3.34,8.62,-5.93,40.34,23.4,29.07,31.51,94.91,4.4,2.8384500162513
2021-05-27,0,3.86,14.06,-0.67,39.32,22.28,28.85,30.95,94.98,4.95,4.49256202042592
2021-05-28,0,2.82,13.31,-0.57,40.65,22.44,28.41,31.88,95,3.77,4.47048138298266
2021-05-29,0,2.83,11.88,-0.86,41.94,24.05,28.04,33.29,94.9,3.88,4.3008702000235
2021-05-30,0,3.39,12.88,0.26,42.69,24,27.85,33.67,94.72,4.51,4.75743861928403
2021-05-31,0,4.95,19.62,4.12,40.05,22.58,29.19,31.36,94.86,6.23,6.40883026804449
2021-06-01,0,4.67,23.19,5.94,38.23,22.31,28.51,30.38,94.93,5.85,7.18545486656902
2021-06-02,0,4.92,19.19,4.32,40.14,22.75,28.69,31.65,95.04,6.19,6.36658699118085
2021-06-03,0,3.12,17.31,4.24,41.85,24.22,26.9,33.55,95.05,3.98,6.35337068887986
2021-06-04,0,4.28,17.5,4.17,40.69,25.13,25.83,32.81,95.14,5.4,6.17633739736401
2021-06-05,0,5.77,22.19,4.16,37.27,21.29,28.99,28.96,95.22,7.23,6.36485777983459
2021-06-06,0,4.9,17.75,-0.27,34.8,19.07,25.8,27.15,95.2,6.15,4.60865152498988
2021-06-07,0,4.06,18.62,2.09,36.9,20.92,27.36,28.91,95.18,5.15,5.32628179910366
2021-06-08,0,3.46,16.69,1.33,38.64,21.48,28.84,30.42,95.09,4.54,5.18261488508629
2021-06-09,0,2.98,16.38,2.19,38.83,23.44,29.76,31.3,94.9,3.9,5.33328599240455
2021-06-10,0,5.63,25.06,5.4,36.12,20.8,28.44,28.61,94.73,7.05,7.05170986207135
2021-06-11,0,5.36,30.06,7.91,35.19,20.24,27.94,28.24,94.75,6.7,8.28867138687228
2021-06-12,0,3.86,27.94,6.45,36.28,20.26,29.83,28.43,95.03,4.84,7.78490486879975
2021-06-13,0,3.55,25.69,5.82,36.52,19.95,29.21,28.48,95.12,4.49,7.17765010917958
2021-06-14,0,3.02,25.69,5.08,35.77,19.7,29.26,28.16,95.02,3.8,7.05261728564166
2021-06-15,0,2.32,22.25,3.63,35.78,20.08,28.86,28.47,94.92,2.99,6.2131233642508
2021-06-16,0,2.7,18.94,2.3,36.48,20.87,29.38,29.15,94.89,3.45,5.48930851155814
2021-06-17,0,2.65,17.31,1.75,38.05,21.12,29.3,30.28,94.97,3.45,5.33459721541107
2021-06-18,0,1.62,15.19,1.38,40.01,22.27,29.87,32.05,94.98,2.27,5.14847239329691
2021-06-19,0,4.25,21.12,5.4,40.54,23.55,28.82,31.69,95.03,5.38,7.02191816623349
2021-06-20,0,4.05,20.12,3.65,39.57,21.6,29.04,30.45,95.01,5.09,6.25784360176869
2021-06-21,0,3.44,20.75,4.6,38.69,21.32,29.13,30.44,94.97,4.42,6.45030333167959
2021-06-22,0,3.87,20.12,5.48,39.17,23.67,29.21,31.88,94.96,4.98,6.75778252634193
2021-06-23,0,4.62,19.69,5.47,39.29,24.91,29.61,32.25,95.04,5.94,6.74528557148445
2021-06-24,0,3.92,17.12,4.89,41.67,25.62,28.48,34.12,95.06,5.08,6.47518919560574
2021-06-25,0,4.4,15.19,2.71,40.94,26.37,29.64,33.72,94.99,5.62,5.62548921160171
2021-06-26,0,5.39,17,4.29,40.96,25.71,28.99,33.56,94.89,6.87,6.24288487647354
2021-06-27,0,4.61,16.5,3.87,40.94,25.52,28.82,33.63,94.84,5.87,6.08169748891505
2021-06-28,0,5.23,16.69,4.06,40.81,25.08,29.43,33.44,94.99,6.63,6.09032234592074
2021-06-29,0,5.42,16.44,3.7,40.62,25.99,29.38,33.47,95.04,6.89,6.00861119532978
2021-06-30,0,5.16,16.19,3.56,41.42,25.19,29.4,33.77,95.07,6.55,6.01165619747292
2021-07-01,0,4.73,14.38,2.48,42.39,25.4,29.12,34.23,95.03,6.06,5.47038650714901
2021-07-02,0,4.61,14.06,2.4,43.34,25.77,29.51,34.88,95,6.02,5.53397125388962
2021-07-03,0,2.38,11.5,0.44,44.31,26.99,27.79,35.96,95.02,3.26,4.78817848048685
2021-07-04,0,3.59,14.06,2.76,45.31,26.01,28.34,35.82,94.94,4.7,5.81169954290849
2021-07-05,0,4.6,14.5,2.23,44.68,25.2,28.74,34.97,94.74,5.88,5.73405875008817
2021-07-06,0,4.44,14,2.14,43.23,25.8,29.47,34.42,94.47,5.72,5.37921012901249
2021-07-07,0,5.22,27.88,9.26,39.46,23,28.52,31.6,94.6,6.51,9.22489422296762
2021-07-08,0,4.14,28.62,10.69,40.17,24.4,28.59,32.82,94.77,5.18,10.1063222539264
2021-07-09,0,6.09,27.56,9.45,39.99,24.17,29.21,31.89,94.95,7.59,9.26163390272924
2021-07-10,0,4.62,26.31,8.6,40.16,23.98,26.76,32.27,94.92,5.8,9.02274101473429
2021-07-11,0,4.26,20.06,6.99,42.83,25.05,29.14,34.16,94.68,5.51,7.60313584711355
2021-07-12,0,4.09,30.19,9.63,39.26,23.4,28.54,31.46,94.66,5.08,9.91454518785559
2021-07-13,0,3.03,29.06,9.58,39.07,23.06,28.97,31.67,94.7,3.82,9.65144680374946
2021-07-14,0,4.2,23.12,7.27,41.15,25.62,29.26,32.5,94.72,5.29,8.02648142671829
2021-07-15,0,5.44,22.5,6.49,38.83,23.92,28.27,31.49,94.76,6.86,7.40100734252213
2021-07-16,0,4.64,22.88,7.02,41.21,23.14,28.35,32.32,94.71,5.84,7.86739412843283
2021-07-17,0,3.48,23.5,7.18,42.42,23.77,28.28,33.37,94.55,4.37,8.54368175520134
2021-07-18,0,4.52,29.12,9.73,39.76,24.01,27.56,31.69,94.42,5.62,9.68173565344315
2021-07-19,0,2.23,25.69,7.92,38.01,22.76,28.03,31.15,94.49,2.83,8.29746325730777
2021-07-20,0,3.39,23.19,7.94,38.49,24.87,27.96,32.3,94.68,4.23,7.96549538720751
2021-07-21,0,3.77,25,9.16,39.78,24.94,27.37,32.57,94.84,4.7,8.71153356126694
2021-07-22,0,4.3,30.69,10.03,37.99,23.62,28.32,30.86,94.87,5.31,9.75889711008327
2021-07-23,0,4.45,32.5,9.55,37.77,22.52,28.15,30.05,94.79,5.49,9.89187464136046
2021-07-24,0,4.3,29.81,6.37,36.9,20.49,28.7,28.83,94.8,5.32,8.48997480471094
2021-07-25,0,4.14,31.31,8.73,37.16,20.89,28.7,28.99,94.78,5.15,8.9955229585304
2021-07-26,0,3.8,29.38,9.08,37.35,21.93,28.1,29.98,94.8,4.73,8.90838242384653
2021-07-27,0,3.45,23.31,6.77,38.28,22.24,28.78,30.7,94.84,4.3,7.34853109256966
2021-07-28,0,2.72,22.81,6.82,39.44,23.89,28.97,31.77,94.76,3.46,7.6163447070621
2021-07-29,0,3.54,19.06,4.09,40.13,24.07,27.97,31.9,94.75,4.48,6.40860401208979
2021-07-30,0,3.79,21.38,4.49,39.23,22.76,28.1,30.96,94.8,4.8,6.83518466485681
2021-07-31,0,4.17,19.75,4.92,40.63,23.93,27.92,32.55,94.77,5.35,6.87479458390457
2021-08-01,0,2.38,13.75,0.5,41.11,24.73,28.5,33.26,94.72,3.2,4.96996488917286
2021-08-02,0,2.8,12.69,-0.22,41.11,24.08,28.54,33.06,94.65,3.73,4.53850838956218
2021-08-03,0,4.6,14.81,2.9,41.8,25.23,28.82,33.75,94.75,5.9,5.49344133218831
2021-08-04,0,5.47,18.56,5.42,41.94,26.23,27.51,33.95,94.83,6.97,6.95733441913423
2021-08-05,0,5.15,15.75,3.44,41.87,26.34,27.71,34.22,94.78,6.56,5.98841030344653
2021-08-06,0,4.08,13.69,2.08,41.69,26.06,26.84,34.15,94.69,5.26,5.18605376980122
2021-08-07,0,3.18,10.94,-1.4,42.47,25.25,28.24,34.15,94.68,4.19,4.14429716885503
2021-08-08,0,2.8,16.44,4.15,42.94,25.05,27.98,34.37,94.77,3.7,6.30018137566177
2021-08-09,0,5.23,20.19,5.83,40.25,24.26,27.8,32.48,94.97,6.53,7.00182855866024
2021-08-10,0,6.21,21.56,6.57,40.24,24.22,28.05,32.4,95.04,7.83,7.44516507765723
2021-08-11,0,4.97,23.56,8.5,41.28,25,27.3,33.23,94.99,6.28,8.50230110824917
2021-08-12,0,3.66,19.19,5.88,42.95,26.15,27.16,34.63,94.96,4.73,7.45496499995885
2021-08-13,0,5.7,23.06,8.37,41.3,26.51,26.29,33.44,94.93,7.18,8.41478929280601
2021-08-14,0,5.54,32,10.3,37.34,22.51,26.18,30.21,94.86,6.89,9.82447208934554
2021-08-15,0,3.05,29.88,8.72,37.57,21.85,26.98,30.4,94.82,3.9,9.26837693686435
2021-08-16,0,4.25,31.25,10.89,37.36,23.1,25.27,31.05,94.99,5.28,10.0391258440805
2021-08-17,0,3.24,22.81,7.35,39.38,24.15,26.69,31.97,95.08,4.07,7.69822052971005
2021-08-18,0,3.17,18.94,3.29,40.03,22.69,27.49,31.31,94.95,4.09,6.17012732214556
2021-08-19,0,3.01,17.75,3.73,40.76,24.19,26.38,32.65,94.8,3.99,6.21155289664962
2021-08-20,0,4.08,26.94,9.69,41.28,24.31,24.77,32.89,94.79,5.13,9.54848488494355
2021-08-21,0,4.91,29.62,8.62,38.39,22.75,27.5,30.41,94.89,6.12,9.19269626953349
2021-08-22,0,4.92,30.25,7.65,35.63,21.54,26.56,28.77,94.93,6.12,8.58705053500243
2021-08-23,0,4.54,32.94,9.1,35.53,21.45,26.22,28.7,94.85,5.64,9.3148957165314
2021-08-24,0,3.05,30.88,9.62,36.63,21.76,26.25,29.69,94.8,3.82,9.21694235475775
2021-08-25,0,2.93,27.94,8.92,37.47,22.3,26.3,30.3,94.83,3.68,8.61987364860553
2021-08-26,0,2.22,25.19,7.4,37.9,22.99,26.55,30.77,94.85,2.83,7.97123624567921
2021-08-27,0,2.41,20.44,4.84,38.66,23.23,26.76,31.22,94.94,3.16,6.62667741195841
2021-08-28,0,3.02,19.81,5.37,39.4,24.31,26.6,31.87,94.94,3.98,6.65010544529203
2021-08-29,0,1.2,17.88,4.88,40.44,25.44,25.65,33.43,94.77,1.77,6.52111672576589
2021-08-30,0,2.34,17.62,4.92,40.69,25.19,26.2,33.53,94.86,3.08,6.46032586170737
2021-08-31,0,2.82,15.94,3.8,41.89,25.44,25.59,33.9,94.95,3.7,5.95950234602228
2021-09-01,0,5.52,24,7.16,38.61,24.46,25.74,31.39,95.08,6.92,7.85217856926367
2021-09-02,0,5.18,30,9.91,37.25,23.04,25.43,30.01,95.08,6.48,9.11118334660816
2021-09-03,0,5.57,36.12,10.46,36.14,21.07,25.3,28.33,94.98,6.96,10.0090013635666
2021-09-04,0,4.55,35.5,9.47,35.4,19.46,25.98,27.71,94.95,5.68,9.50715623000356
2021-09-05,0,3.38,27.25,7.76,38.39,21.64,25.26,29.9,94.99,4.37,8.22676066639599
2021-09-06,0.08,1.62,22.88,7.11,39.58,22.95,23.94,31.75,94.9,2.3,7.63154671521874
2021-09-07,0.16,2.92,32.75,11.65,38.05,23.69,22.08,31.33,94.9,3.71,10.6805041817196
2021-09-08,0.17,4.25,33.31,12.11,37.1,24.1,20.91,30.71,94.98,5.27,10.5067192311426
2021-09-09,0.15,4.19,34.44,12,36.26,22.92,23.97,29.95,95.16,5.18,10.4256603688221
2021-09-10,0,3.56,28,8.97,38.06,23.43,25.22,30.71,95.28,4.45,8.83182643266267
2021-09-11,0,1.98,22.81,6.03,38.52,22.33,24.92,30.84,95.14,2.66,7.24538027507177
2021-09-12,0,2.45,20.25,5.58,39.48,23.75,24.67,32.08,94.86,3.22,6.87450111612921
2021-09-13,0.01,3.63,24.94,7.63,39.1,24.37,24.14,31.65,94.81,4.6,8.27424072746485
2021-09-14,0,4.56,33.81,8.92,35.48,21.98,24.58,28.34,95.1,5.7,9.37403669430905
2021-09-15,0,4.22,35.69,7.86,33.73,19.57,24.88,26.33,95.32,5.25,8.85376770652749
2021-09-16,0,4.18,28.81,5.52,33.56,18.8,24.82,26.09,95.31,5.22,7.05192939828608
2021-09-17,0,4.03,27.44,4.81,33.2,18.86,24.68,26.02,95.18,5.09,6.69037097001401
2021-09-18,0,3.84,26.81,5.69,34.71,19.37,24.52,27.11,95.14,4.95,6.94559801521307
2021-09-19,0,4.26,26.81,6.97,36.73,20.44,24.43,28.87,95.13,5.48,7.65228968885424
2021-09-20,0,5.06,25.69,6.68,36.37,21.62,24.74,28.98,95.18,6.51,7.37683645633032
2021-09-21,0,4.4,22.06,4.51,37.57,20.99,23.89,29.41,95.21,5.7,6.48483802487632
2021-09-22,0,3.8,18.75,1.72,37.22,21.32,24.26,29.13,95.19,4.97,5.42831322363826
2021-09-23,0,2.12,16.56,1.08,37.57,22.72,24.45,29.84,95.11,2.98,4.98320108234634
2021-09-24,0,3.52,29.12,7.36,36.15,20.9,22.82,28.37,95.17,4.55,8.08701326303934
2021-09-25,0,4.39,39.94,8.92,33.39,19.31,22.7,25.46,95.28,5.45,9.43740158140595
2021-09-26,0,3.95,34.69,6.69,31.51,17.22,23.94,24.24,95.25,4.97,7.65189513130249
2021-09-27,0,3.19,33.62,6.47,32.95,17.58,23.93,25.05,95.24,4.05,7.76304019810603
2021-09-28,0,2.03,27.19,2.87,34.24,17.16,23.74,25.43,95.23,2.8,6.413900144152
2021-09-29,0,2.09,21,2.08,36.41,19.58,23.75,27.31,95.21,2.76,5.50101213790835
2021-09-30,0,3.58,32.81,6.96,33.93,19.84,23.18,26.18,95.2,4.57,8.07148623006126
2021-10-01,0.05,2.97,44.69,11.66,31.15,20.25,19.27,25.39,95.13,3.71,10.5183567010988
2021-10-02,0,3.62,40.94,10.4,31.78,18.87,20.56,25.44,95.09,4.49,9.66283669421997
2021-10-03,0,3.54,35.75,8.47,32.17,18.96,22.47,25.46,95.21,4.44,8.44734868641119
2021-10-04,0,2.96,31.25,6.46,32.83,18.49,22.82,25.63,95.33,3.79,7.45479576778041
2021-10-05,0,3.06,29.31,4.82,32.7,18.09,22.65,25.14,95.29,3.95,6.80220974750578
2021-10-06,0,3.8,35.62,5.89,31.44,16.27,22.92,23.37,95.24,4.79,7.47788280301659
2021-10-07,0,2.26,27.62,2.12,32.82,15.01,22.48,23.67,95.07,3.06,5.89836463599943
2021-10-08,0,2.53,21.31,0,33.01,16.74,22.24,24.48,95.01,3.47,4.7648400386085
2021-10-09,0,3.2,19.19,-2.21,32.33,16.95,22.37,23.89,95.01,4.35,4.14969014495639
2021-10-10,0,2.84,18.12,-2.85,32.23,16.01,21.8,23.78,94.99,3.98,3.89388988903409
2021-10-11,0,2.1,18.06,-1.65,33.69,16.81,21.55,24.82,94.99,3.1,4.11644704563628
2021-10-12,0,2.07,23.19,1.31,32.1,19.1,18.77,24.9,94.85,2.75,5.30963535736504
2021-10-13,0,3.05,43.44,9.12,30.09,16.71,21.51,23.45,94.92,3.84,9.16127165473655
2021-10-14,0,2.86,29.56,3.31,32.52,16.48,21.38,24.23,94.88,3.9,6.51662997875886
2021-10-15,0,3.26,30.94,5.09,32.87,17.64,21.11,24.53,95.01,4.33,6.93766001304071
2021-10-16,0,3.8,26.81,2.15,31.34,16.11,20.66,22.98,95.26,4.81,5.50434425358293
2021-10-17,0,4.24,33.62,5.39,31.77,15.8,20.4,23.17,95.22,5.4,6.9778891350613
2021-10-18,0,5,29.81,4.24,34.14,16.39,19.76,24.44,95.03,6.41,6.65034611661847
2021-10-19,0,5.84,27.81,3.83,32.86,17.85,15.15,24.55,95.13,7.36,6.24287574743013
2021-10-20,0,7.7,36.38,6.11,28.78,17.8,14.89,22.35,95.5,9.75,7.20409020814216
2021-10-21,0,6.44,37.25,6.26,29.29,15.88,17.3,22.13,95.5,8.14,7.28357775041832
2021-10-22,0,5.34,33.88,5.48,30.33,16.87,17.81,22.93,95.43,6.8,6.93600746417637
2021-10-23,0,4.77,28.56,3.83,33.48,17.71,18.51,24.55,95.4,6.09,6.4112380922907
2021-10-24,0,3.17,24.94,2.4,34.44,17.73,19.38,25.26,95.27,4.28,5.82722404689259
2021-10-25,0,3.53,21.5,0.83,34.23,18.39,18.51,25.53,94.97,4.75,5.10021815339682
2021-10-26,0,3.21,28.31,5,33.56,18.87,19,25.44,94.9,4.27,6.68184921380966
2021-10-27,0,2.45,27.94,3.59,31.1,17.83,18.41,23.75,95,3.21,5.99392023668254
2021-10-28,0,3.2,29.06,3.73,30.24,17.13,16.19,23.18,94.96,4.2,6.03489985228258
2021-10-29,0.31,2.95,36.5,5.86,25.88,18.41,15.88,21.5,95.06,3.9,6.88200591773193
2021-10-30,0.01,2.61,33.44,3.93,29.63,15.25,17.96,22.05,95.28,3.6,6.50853374409169
2021-10-31,0,2.61,26,0.63,29.73,15.21,19.32,22.02,95.27,3.65,5.05172059528102
2021-11-01,0,1.9,27.62,2.04,30.05,15.97,19.31,22.57,95.21,2.8,5.53896600618156
2021-11-02,0,1.66,18.31,-2.27,31.49,17.98,19.39,23.9,95.19,2.27,3.96164688606166
2021-11-03,0,2.03,18.88,-1.91,32.28,17.19,19.36,23.8,95.22,2.85,4.06182596373333
2021-11-04,0,2.61,23.5,0.21,32.05,15.05,18.9,23.24,95.28,3.75,4.8970047546379
2021-11-05,0,2.82,26.19,1.69,31.44,16.48,19.14,22.98,95.26,3.98,5.3770524431681
2021-11-06,0,2.83,27.06,0.72,29.96,14.58,18.67,21.56,95.15,3.96,5.11985568305079
2021-11-07,0,2.41,30.31,1.54,29.61,13.84,18.99,20.86,94.99,3.49,5.50657409834735
2021-11-08,0,2.56,30.38,1,28.98,12.67,17.99,20.32,94.83,3.58,5.34827409718911
2021-11-09,0,3.5,26.88,-0.74,28.37,14.1,12.05,20.3,94.81,4.72,4.72658811152617
2021-11-10,0,1.63,20.94,-3.77,28.62,15.07,12.04,19.96,94.95,2.46,3.60958540716543
2021-11-11,0.02,1.98,20.06,-2.14,31.69,16.05,16.21,22.78,94.94,2.7,4.07161135702568
2021-11-12,0,3.72,39.06,5.36,27.14,15.55,14.95,20.4,95.02,4.81,6.9085499976899
2021-11-13,0,4.37,46.44,7.19,25.08,15.08,14.1,19.17,95.12,5.58,7.64211279913282
2021-11-14,0,3.95,42.19,5.01,27.1,12.76,16.12,19.41,95.01,5.14,7.04155147947953
2021-11-15,0.72,2.18,35.62,3.62,26.8,14.26,6.51,19.93,94.98,3.04,6.12930583536787
2021-11-16,0.04,2.02,42,6.65,27.52,14.29,13.85,20.59,95,2.8,7.5113365632071
2021-11-17,0.02,3.66,44.5,7.74,28.2,14.98,14.03,21.37,95.08,4.64,8.32746810315171
2021-11-18,0,4.1,36.62,5.26,28.79,16.16,15.07,21.52,95.38,5.33,6.9126278834721
2021-11-19,0,3.26,37.5,4.18,27.75,13.49,15.72,20.22,95.42,4.39,6.56325676111255
2021-11-20,0,3.24,46.88,5.62,21.44,14.26,15.7,17.37,95.25,4.33,6.93274652040181
2021-11-21,0,3.02,57.38,7.24,23.22,10.76,16.8,16.45,95.15,3.94,8.02980173542153
2021-11-22,0,3.24,43.81,3.83,24.19,10.7,16.12,17.05,95.16,4.26,6.35582885038967
2021-11-23,0,2.88,31.12,1.8,30.66,12.71,16.24,21,95.08,3.92,5.6999326300991
2021-11-24,0,2.59,28.38,2.44,31.23,15.73,16.04,22.62,94.97,3.64,5.70773122522604
2021-11-25,0,3.24,31.88,1.76,30.2,14.37,14.3,20.9,94.82,4.53,5.80529293453013
2021-11-26,0,2.47,23.81,-0.1,32.01,14.87,16.3,22.36,94.86,3.62,4.71764793178988
2021-11-27,0,2.62,30.75,2.2,32.12,13.88,16.15,21.89,95.03,3.86,5.93000544294526
2021-11-28,0,3.13,22.5,-0.32,32.3,16.19,14.78,23.35,95.03,4.52,4.71815022241685
2021-11-29,0,2.83,25.88,0.15,29.44,14.12,13.92,20.76,95.16,3.91,4.67447406234374
2021-11-30,0,2.54,16.62,-10.56,23.8,9.72,15.63,15.58,95.67,3.42,2.20669932167673
2021-12-01,0,3.3,48.94,2.13,20.49,8.24,14.49,13.44,95.71,4.3,5.70079668612328
2021-12-02,0,3.23,54.12,3.15,19.68,7.19,15.87,12.8,95.33,4.27,6.05954695649431
2021-12-03,0,2.96,37.69,0.23,26.04,8.87,14.26,16.4,94.87,4.06,5.25850746278133
2021-12-04,0,4.78,37.19,-1.7,20.07,7.48,16.29,13.9,95.15,6.38,4.45654273943543
2021-12-05,0,1.94,54.88,1.37,19.44,5.62,15.75,11.51,95.39,2.85,5.66994750901661
2021-12-06,0,3.57,42.69,-2.03,21.5,5.22,15.96,12.58,95.03,4.86,4.71497359707498
2021-12-07,0,4.59,36.5,-5.38,16.98,3.48,16.28,9.8,95.45,6.12,3.38537388588134
2021-12-08,0,2.01,36.94,-5.07,19.5,3.05,16.21,10.29,95.63,3.07,3.53429161818852
2021-12-09,0,2.2,33.94,-6.05,17.02,3.3,13.3,10.23,95.27,3.1,3.23495442695917
2021-12-10,0,2.29,29.62,-5.79,21.44,5.65,15.41,12.26,95.24,3.44,3.206970867313
2021-12-11,0,2.45,40.19,-1.66,20.98,6.98,14.93,12.82,95.17,3.5,4.50545728351069
2021-12-12,0,1.78,28,-5.99,21.32,6.9,14.97,13.15,95.24,2.74,3.2036990052617
2021-12-13,0.31,2.83,51.75,1.44,19.22,6.38,15.37,12.01,95.42,3.78,5.51635645993934
2021-12-14,0.03,2.39,51.06,-0.74,17.98,3.67,16.19,10.31,95.46,3.27,4.89142998811874
2021-12-15,0.13,1.9,57.12,1.58,17.26,4.19,14.18,10.56,95.51,2.74,5.55910626401618
2021-12-16,1.64,1.87,63.69,3.7,18.51,5.73,14.93,11.4,95.65,2.66,6.53494396133891
2021-12-17,0.01,2.12,58.69,1.63,18.94,5.21,15.4,11.03,95.73,3.02,5.88360290666382
2021-12-18,0,2.48,52.12,-0.07,18.29,4.34,16.25,10.58,95.57,3.59,5.07889836807993
2021-12-19,0.64,3.87,62.31,2.05,16.9,4.35,14.86,9.52,95.46,5.19,5.67724702406299
2021-12-20,0,1.09,53.19,-1.4,16.48,1.88,16.13,9.04,95.78,1.7,4.70014302442336
2021-12-21,0,1.48,38.31,-4.27,18.21,3.7,15.96,10.25,95.8,2.13,3.65610189060473
2021-12-22,0,1.45,39.38,-3.42,16.47,5.08,11.85,10.14,95.73,2.23,3.7321302450185
2021-12-23,0.02,0.87,38.19,-2.71,17.99,7.73,10.21,11.52,95.58,1.31,3.94808662131109
2021-12-24,0,2.04,42.81,-0.67,21.12,5.35,15.43,12.2,95.57,2.84,4.61776804995034
2021-12-25,0,2.01,43,-0.66,19.55,7.39,15.49,12.12,95.55,2.75,4.61519464251466
2021-12-26,0,2.53,46,-0.39,19.53,4.61,14.91,11.51,95.41,3.6,4.75250702286378
2021-12-27,0,1.71,44.62,-0.93,18.51,6.96,14.32,11.35,95.42,2.55,4.56392239231859
2021-12-28,0,2.52,41.19,-1.37,21.87,4.98,15.63,12.72,95.35,3.62,4.58901292162931
2021-12-29,0,3.29,46.44,2.8,23.31,8.32,15.96,14.78,95.24,4.54,5.87312501043541
2021-12-30,0,3.47,43.31,0.81,23.23,8.13,16.11,14.64,95.1,4.84,5.43066085114741
2021-12-31,0.3,4.11,64.19,4.47,19.44,8.55,15.12,12.71,95.24,5.39,7.14702673863715
2022-01-01,0.01,3.71,68.94,6.33,19.63,7.8,13.29,12.64,95.62,4.91,7.64262412720295
2022-01-02,0,3.66,67.56,4.84,20.11,7.19,15.91,12.1,95.72,4.82,7.24218573472275
2022-01-03,0,2.4,63.88,4.97,19.63,8.25,15.42,12.58,95.76,3.34,7.05534114268329
2022-01-04,0,2.2,60.56,3.28,20.03,5.73,16.12,12.01,95.67,3.33,6.45546951138022
2022-01-05,0,2.05,48.69,0.38,20.48,5.71,16.37,12.4,95.28,3.02,5.31782272507879
2022-01-06,0,2.59,36.75,-2.74,22.59,6.4,15.93,13.25,94.84,3.86,4.23092282846655
2022-01-07,0,3.52,24.75,-5.97,23.6,9.08,16.37,14.88,94.68,4.7,3.1492091757969
2022-01-08,0,4.95,44.88,-2.3,15.99,4.96,15.48,9.64,95.05,6.45,4.1204960825947
2022-01-09,0,4.96,45.88,-3.24,15.94,2.2,15.57,8.51,95.21,6.56,3.91885838844085
2022-01-10,0,5.51,29.81,-9.06,17.03,2.31,15.73,9.12,94.79,7.27,2.64766582264059
2022-01-11,0,4.5,34.81,-4.08,19.59,3.87,15.48,11.23,94.7,6.02,3.53379878918702
2022-01-12,0.59,2.5,48.5,0.94,18.9,7.06,10.59,11.96,95.1,3.46,5.15381077263284
2022-01-13,0,1.88,52.75,0.67,18.16,4.8,15.64,10.98,95.44,2.66,5.27151793888171
2022-01-14,0.08,2.09,61.88,2.58,16.46,4.57,14.19,10.34,95.5,2.91,5.93922094065162
2022-01-15,3.53,2.41,58.12,0.4,14.53,4.33,8.69,8.91,95.44,3.32,5.09326082191031
2022-01-16,0.12,2.65,58.12,0,15.54,1.98,13.68,8.31,95.55,3.75,4.90095844952308
2022-01-17,0.95,3.09,73.94,4.27,15.71,3.6,11.39,9.06,95.81,4.19,6.54207762523682
2022-01-18,0.01,2.84,64.62,0.88,15.55,1.98,16.12,8.39,96.06,3.98,5.47716422664876
2022-01-19,0.01,3.38,68.25,3.22,16.57,3.24,9.82,9.72,96.08,4.5,6.29808606734662
2022-01-20,0.05,2.71,67.88,2.92,15.75,4.13,16.11,9.37,95.98,3.71,6.1259230839136
2022-01-21,0,2.08,55.38,-0.28,16.73,2.87,16.52,9.15,95.74,3.09,4.92817716936713
2022-01-22,0,1.17,46.19,-1.52,17.71,4.56,16.73,10.33,95.58,1.71,4.43049699104617
2022-01-23,0,2.09,51.19,-0.48,17.55,3.87,16.78,10.17,95.62,2.99,4.86061802908841
2022-01-24,0.76,2.63,59,-0.12,16.48,4.45,16.5,9.3,95.64,3.5,5.30082122762703
2022-01-25,0.17,3.09,55.31,-1.03,16.6,2.58,16.39,8.9,95.65,4.22,4.84390992898317
2022-01-26,0.63,4.05,59.25,-2.01,13.89,0.78,17.62,6.75,96.03,5.34,4.51646277005877
2022-01-27,0,2.7,57.94,-2.47,13.8,-0.06,17.11,6.16,96.07,3.77,4.24970596470054
2022-01-28,0,2.33,54.38,-2.33,15.57,0.81,17.36,7.38,96.03,3.34,4.3184081738782
2022-01-29,0,2.02,50.69,-2.64,17.37,1.26,17.68,8.73,95.85,2.99,4.39123559855336
2022-01-30,0,4.06,48.31,-2.34,16.91,2.23,17.59,8.72,95.65,5.51,4.18237688155457
2022-01-31,0,1.84,54.75,-0.75,18.49,1.83,17.84,9.87,95.55,2.51,5.10068589252067
2022-02-01,0,3.14,41.56,-3.24,18.52,3.15,17.25,10.3,94.87,4.46,3.97883390926099
2022-02-02,0.02,4.5,45.12,-2.65,16.94,3.73,17.55,9.32,94.85,6.03,4.05895488499444
2022-02-03,0.29,4.71,58.38,1.33,18.48,2.92,18.71,10.13,95.44,6.24,5.52929843436526
2022-02-04,0.24,2.98,59.62,0.76,18.17,3.74,19.81,9.76,95.88,4.06,5.51571740045991
2022-02-05,0,1.48,49.12,-1.17,19.84,3.78,19.68,10.37,95.83,2.27,4.72347345334994
2022-02-06,0,1.82,39.44,-3.05,23.04,5.48,19.77,12.24,95.73,2.63,4.26487129372437
2022-02-07,0,2.05,31.06,-6.24,24.65,4.18,19.41,12.63,95.54,3.21,3.44114555005516
2022-02-08,0,1.96,26.5,-6.67,25.39,7.49,20.13,15.08,95.37,2.72,3.41322077715322
2022-02-09,0,5.22,60.31,2.41,16.93,5.76,18.2,10.82,95.8,6.73,5.96660887376157
2022-02-10,0.01,4.24,59.38,0.12,16.05,3.25,18.99,8.76,95.82,5.55,5.1539412350111
2022-02-11,0,3.53,49.25,-2.42,16.72,2.15,20.18,8.76,95.58,4.76,4.27469864978607
2022-02-12,0,2.55,45.81,-2.67,19.44,2.45,19.99,10.31,95.5,3.65,4.38849212212533
2022-02-13,0,3.84,38.69,-3.38,18.89,3.77,18.44,11.34,95.61,5.16,3.95489503570501
2022-02-14,0,4.05,38.81,-2.82,20.66,5.03,19.8,12.01,95.5,5.38,4.13700085430427
2022-02-15,0,3.81,38.06,-3.08,21.11,4.48,19.72,12.15,95.5,5.18,4.09263024209363
2022-02-16,0,2.67,34.12,-2.99,20.68,5.7,14.59,13.51,95.32,3.68,3.99167639146634
2022-02-17,0.04,4.29,43.75,-0.71,20.61,8.11,19.92,12.93,95.12,5.61,4.93809164557331
2022-02-18,0.08,3.83,56.44,1.32,19.18,4.32,20.24,10.98,95.35,5.13,5.64027435963002
2022-02-19,0,2.77,52.81,0.6,21.98,3.68,21.06,11.89,95.66,3.95,5.58733416426305
2022-02-20,0,2.09,37.5,-2.88,21.66,5.48,19.02,12.96,95.71,3.1,4.24052115189717
2022-02-21,0,1.85,26.94,-4.62,25.98,8.84,22.34,16.06,95.48,2.73,3.68236046189292
2022-02-22,0,3.03,33.31,-1.09,27.11,8.58,21.14,17.34,94.96,4.26,4.91714890752745
2022-02-23,0,5.42,42.12,-2.06,19.15,5.67,20.86,12.18,95.19,7.05,4.53768192434425
2022-02-24,0,2.57,48.56,-0.24,20.73,4.12,21.52,11.91,95.51,3.52,5.14410262091146
2022-02-25,0,1.93,49.62,0.48,20.94,4.46,22.1,12.3,95.54,2.76,5.38577658132249
2022-02-26,0,1.7,37,-2.29,22.9,5.39,22.1,13.54,95.35,2.55,4.33661786037615
2022-02-27,0,1.83,26.75,-4.36,26.55,8.45,22.8,16.29,95.35,2.58,3.70749768749283
2022-02-28,0,2.77,23.62,-5.85,25.8,7.97,21.86,16.15,95.3,3.99,3.24615198725583
2022-03-01,0,2.13,16.19,-8.56,29.08,9.21,20.69,18.81,94.91,3.1,2.6081943395319
2022-03-02,0,5.24,38.88,0.71,24.45,10.37,18.84,16.33,95.12,6.79,5.40170237258809
2022-03-03,0,4.71,45.12,-1.58,16.55,5.61,16.81,10.88,95.38,6,4.48072835871801
2022-03-04,0,3.76,28.5,-4.97,23.51,8.06,18.42,14.8,94.73,5.12,3.60870945408105
2022-03-05,0,4.92,24.06,-3.96,30.04,10.69,16.24,19.12,94.24,6.69,3.94763264445987
2022-03-06,0,2.55,24.44,-6.01,24.79,7.42,18.94,16.26,94.77,3.47,3.38121367023593
2022-03-07,0.96,4.09,43.19,2.59,19.37,11.51,8.08,15.14,94.68,5.31,5.58325836341493
2022-03-08,0,6.5,36.56,2.35,27.22,12.28,19.41,18.87,94.16,8.53,5.9107028069772
2022-03-09,0,3.89,49.75,2.67,22.97,7.92,20.04,14.8,95.05,5.02,6.29941387159762
2022-03-10,0,4.6,37.12,-3.52,20.89,6.4,21.83,12.58,95.52,5.91,4.09978495955547
2022-03-11,0,3.89,49.31,-1.64,14.3,3.63,18.68,9.05,95.58,5.04,4.36007217899128
2022-03-12,0,3.02,38.5,-5.29,19.78,2.96,22.05,11,95.39,4.19,3.85230290782747
2022-03-13,0,3.23,30.31,-6.02,21.18,3.6,22.23,12.37,95.43,4.38,3.30422409543086
2022-03-14,0,4.66,37.19,-2.2,21.47,5.44,22,13.36,95.81,6.1,4.31076098690723
2022-03-15,0,5.88,34.75,-4.76,19.53,5.29,22.47,11.88,96.08,7.61,3.67427807455961
2022-03-16,0,5.13,33.62,-6.62,19.17,3.42,23.08,10.87,95.79,6.65,3.33659690152628
2022-03-17,0,4.12,22.81,-10.44,23.59,3.44,23.28,13.08,95.28,5.54,2.59859630641071
2022-03-18,0.01,4.2,14.25,-13.92,27.02,5.9,22.75,16.04,95.11,5.52,1.94544448632939
2022-03-19,0,4.63,10.44,-13.71,29.01,10.9,22.12,19.47,94.8,6.07,1.74860584479379
2022-03-20,0,3.64,20.38,-6.45,29.23,10.84,22.14,18.33,94.55,4.72,3.19118781657961
2022-03-21,0.02,6.69,55.19,1.44,17.55,6.65,22.79,10.98,95.3,8.56,5.51535687292667
2022-03-22,0,4.38,48.44,-0.56,19.87,4.28,22.96,11.71,95.49,5.59,5.06764827647551
2022-03-23,0,3.84,38.44,-4.6,20.33,3.82,23.26,11.69,95.61,4.92,4.0164500031211
2022-03-24,0,4.07,38.06,-3.2,20.76,4.34,23.48,12.26,95.69,5.22,4.12077350472427
2022-03-25,0,4.6,41,-2.81,20.69,4.88,23.55,12.5,95.78,5.94,4.50586596041096
2022-03-26,0,4.31,19.81,-11.69,22.83,4.14,24.5,13.31,95.77,5.74,2.28913630226418
2022-03-27,0,4.29,15.75,-12.8,25.31,6.38,24.1,15.41,95.82,5.84,2.06972555302092
2022-03-28,0,2.73,10.94,-14.52,29.9,8.39,23.83,18.61,95.55,3.89,1.74169609137391
2022-03-29,0,1.24,9.88,-12.57,33.29,14.15,23.89,22.53,95.12,1.81,1.97680915617133
2022-03-30,0,3.27,17.38,-8.57,31.2,11.39,24.42,20.86,94.96,4.49,3.15751428008172
2022-03-31,0,3.91,7.69,-14.25,34.46,14.22,19.3,23.29,94.56,5.47,1.60704725325605
2022-04-01,0,3.13,11.94,-6.68,35.45,15.95,21.42,25.56,94.62,4.32,2.83717057204091
2022-04-02,0,3.69,16.69,-3.77,32.8,17.36,20.03,24.85,94.79,4.87,3.81062270167711
2022-04-03,0,3.61,8.38,-12.33,36.94,17.26,22.3,26.29,94.58,5.01,2.07422973931252
2022-04-04,0,2.7,7.75,-10.84,40.01,15.78,22.39,27.89,94.57,3.91,2.09620609623024
2022-04-05,0,2.21,8.12,-8.77,40.4,21.33,22.08,30.19,94.81,3.19,2.49026189130859
2022-04-06,0,3.88,7.25,-10.75,40.05,19.55,22.59,29.32,94.88,5.51,2.12081162035694
2022-04-07,0,3.34,9.12,-11.05,39.62,17.67,22.54,28.55,94.74,4.58,2.55787924446878
2022-04-08,0,6.92,35.12,2.94,26.73,14.08,22.34,19.79,95.08,8.88,5.99387377814465
2022-04-09,0,5.09,23.62,-0.88,31.41,13.37,21.85,22.26,94.69,6.48,4.65316346559378
2022-04-10,0,5.74,22.94,-0.93,31.5,15.15,22.36,22.66,94.72,7.34,4.62424745909808
2022-04-11,0,6.45,26.44,-1.12,28.26,12.36,22.75,20.03,95.11,8.24,4.57638292865978
2022-04-12,0,5.92,26.88,-1.9,27.87,10.65,22.48,19.51,95.04,7.54,4.51275773911957
2022-04-13,0,5.04,18.62,-4.45,28.73,14.98,18.78,20.96,94.55,6.62,3.40251716035945
2022-04-14,0,3.68,11.62,-7.6,37.45,14.98,20.6,25.91,94.17,4.97,2.8157957030711
2022-04-15,0,4.05,10.69,-5.67,38.89,21.09,22.42,29.09,94.02,5.5,3.08811198600884
2022-04-16,0,5.54,13.38,-3.78,36.19,20.28,22.15,28.16,93.9,7.33,3.67318097632874
2022-04-17,0,5.02,23.56,1.07,30.73,17.1,22.73,23.8,94.21,6.41,5.06867689118418
2022-04-18,0,3.18,30.31,1.58,28.1,15.34,22.78,21.15,94.73,4.12,5.60013943629949
2022-04-19,0,2.22,26,-0.6,29.31,12.9,23.44,21.14,95.08,3.03,4.80102762802767
2022-04-20,0,4.34,17.56,-5.06,29.17,12.63,23.81,21.07,95.09,5.51,3.22938995026415
2022-04-21,0,4.48,13.75,-7.02,31.58,14.14,21.71,22.89,94.63,5.8,2.80849983484813
2022-04-22,0,4.84,11.56,-6.95,39.48,15.41,23.58,27.31,94.18,6.31,3.02817620543907
2022-04-23,0,6.49,18.12,-2.62,35.51,16.69,22.85,25.51,94.36,8.29,4.29359596993142
2022-04-24,0,4.34,22.25,-1.87,34.07,14.33,24.1,24.06,94.52,5.55,4.85805499777802
2022-04-25,0,4.95,20.44,-0.81,33.26,16.56,22.48,25.03,94.48,6.34,4.71439432144404
2022-04-26,0,5.91,16.06,-4.34,34.24,18.58,22.88,26.69,94.27,7.6,4.06473671670271
2022-04-27,0,4.16,10.5,-7.03,37.34,19.64,23.71,28.55,94,5.33,2.94492676172393
2022-04-28,0,4.38,8,-8.37,40.15,20.73,24.09,30.47,93.88,5.75,2.49089858008665
2022-04-29,0,4.35,14.19,-2.2,37.12,20.3,23.81,28.42,94.5,5.68,3.95158196770713
2022-04-30,0,5.57,21.62,0.21,33.54,17.26,23.46,25.43,94.89,7.12,5.09998238751623
2022-05-01,0,6.39,22.44,2.65,38.26,19.53,11.85,29.06,94.42,8.27,6.47182523516556
2022-05-02,0,5.25,27.25,3.01,31.87,17.65,23.92,24.51,94.62,6.62,6.10334803700323
2022-05-03,0,3.17,32.69,3.27,30.98,13.68,24.25,22.36,94.94,4.03,6.47710671525456
2022-05-04,0,4.66,21.88,-0.88,31.38,14.68,24.17,23,95.19,5.89,4.49731188023854
2022-05-05,0,5.28,16.5,-3.85,32.84,15.75,24.32,24.26,95.2,6.72,3.64368438516909
2022-05-06,0,4.71,14.38,-3.4,36.84,18.09,23.26,27.73,94.75,6.1,3.85531922843971
2022-05-07,0.02,2.97,21.12,2.36,34.04,22.56,10.2,27.42,94.57,3.95,5.5662134695115
2022-05-08,0,3.48,26.44,3.37,34.43,16.08,24.35,25.69,94.79,4.46,6.3285984915184
2022-05-09,0,4.26,26.81,3.35,32.73,16.69,24.58,24.83,95.04,5.39,6.11429744306056
2022-05-10,0.29,5.23,31.44,5.06,30.97,16.72,19.22,23.93,95,6.58,6.81412370362106
2022-05-11,0,3.91,35.25,7.4,30.9,17.85,20.3,24.62,94.86,4.91,7.94439306268505
2022-05-12,0,4.04,38.31,8.83,31.54,17.7,22.91,24.94,95.01,5.09,8.79134307310963
2022-05-13,0.02,4.02,38.25,7.87,30.15,16.51,19.62,23.91,95.21,5.03,8.28067162897253
2022-05-14,0,3.62,28.38,2.59,30.77,16.21,24.99,23.51,95.31,4.56,6.00569724985168
2022-05-15,0,3.98,21.5,-2.25,31.39,14.48,25.44,22.98,95.43,5.02,4.41415149019145
2022-05-16,0,3.34,18.56,-2.09,33.07,16.01,25.49,24.87,95.43,4.4,4.24235859904123
2022-05-17,0,2.38,16.25,-2.47,34.73,17.49,25.19,26.57,95.18,3.28,4.085461671151
2022-05-18,0,2.28,16,-0.95,36.53,19.74,25.04,28.38,94.95,3.09,4.44585369313786
2022-05-19,0,3.12,17.81,-0.21,35.7,18.42,25,27.62,95.16,4,4.74601361946001
2022-05-20,0,4.97,29.69,5.13,33.72,17.52,24.56,25.1,95.35,6.22,6.8749061726637
2022-05-21,0,4.56,22,-4.02,30.8,13.14,25.8,21.89,95.41,5.7,4.24260552015596
2022-05-22,0,1.74,16.94,-5.6,32.54,13.22,26.05,23.32,95.21,2.45,3.54616769360296
2022-05-23,0,2.7,13.19,-6.02,34.08,15.74,25.34,25.57,94.93,3.61,3.13595257993165
2022-05-24,0,2.66,12.88,-4.05,35.26,18.98,18.06,27.68,94.8,3.61,3.44365180614612
2022-05-25,0,3.49,9.12,-7,39.15,19.94,25.38,30.09,94.9,4.55,2.7818359054195
2022-05-26,0,4.19,8.69,-7.07,39.88,20.9,25.51,30.72,95.05,5.41,2.74249904215099
2022-05-27,0,3.95,9.06,-6.88,39.76,21.26,25.71,30.69,94.96,5.17,2.8546456791667
2022-05-28,0,3.38,9.94,-5.25,40.69,21.69,25.43,31.55,94.67,4.41,3.28013331932078
2022-05-29,0,3.23,11.62,-2.45,41.23,24.25,25.37,32.56,94.66,4.2,4.04696783351371
2022-05-30,0,4.72,17.81,2.62,37.74,22.69,24.95,30.42,94.95,6.02,5.53039970661395
2022-05-31,0,4.2,16.81,1.91,37.69,23.24,22.47,30.21,95.07,5.41,5.16091799443433
2022-06-01,0,4.59,14.44,-0.38,37.94,24.76,26.28,30.82,94.99,5.84,4.58178884213154
2022-06-02,0,3.32,16.38,0.63,37.05,21.18,26.57,29.57,94.92,4.36,4.85724248033501
2022-06-03,0,3.19,16.56,1.05,38.23,21.31,26.7,30.25,94.83,4.12,5.09518394405344
2022-06-04,0,4.03,23.81,5.15,36.67,20.85,26.39,29.14,94.92,5.05,6.89699721421645
2022-06-05,0,4.2,24,4.94,36.9,21.11,26.25,29.15,95.01,5.25,6.95582915931337
2022-06-06,0,4.26,22.75,4.58,36.9,20.48,26.31,29.11,95.03,5.38,6.57916712363949
2022-06-07,0,3.64,21.19,4.05,37.87,21.55,26.37,30.24,94.87,4.75,6.51621560707104
2022-06-08,0,2.48,13.94,0.24,41.16,23.35,25.52,32.76,94.72,3.41,4.90684944770534
2022-06-09,0,1.65,13.38,1.12,41.19,25.99,26.16,33.88,94.68,2.3,4.99712692434602
2022-06-10,0,3.89,12.5,0.51,42.69,25.48,26.34,34.48,94.64,5.07,4.81800236631829
2022-06-11,0,3.99,24.31,7.07,40.31,22.63,26.17,31.89,94.79,5.02,8.16946009344513
2022-06-12,0,4.42,28.31,8.27,38.66,21.82,26.1,30.16,94.89,5.58,8.66808880904049
2022-06-13,0,3.53,24.75,6.41,37.08,22.08,26.23,29.51,94.83,4.43,7.3153191634883
2022-06-14,0,2.6,25.25,6.37,36.05,21.76,26.26,29.21,94.86,3.32,7.34210735202603
2022-06-15,0,3.3,24.44,6.3,36.51,21.73,26.16,29.84,94.95,4.17,7.35443444761742
2022-06-16,0,3.98,24.81,6.3,36.71,22.31,26.09,29.76,94.95,4.98,7.43341095766917
2022-06-17,0,3.61,26.06,7.15,36.06,22.26,25.88,29.62,95,4.51,7.74874406016441
2022-06-18,0,3.1,24.12,6.15,36.37,22.33,24.53,29.78,94.91,3.89,7.23453238136786
2022-06-19,0,2.13,16.75,0.87,36.48,21.58,26.5,29.76,94.87,2.76,5.01852614030466
2022-06-20,0,2.18,16.56,1.37,38.73,21.28,26.53,30.85,94.87,2.92,5.26296178072013
2022-06-21,0,2.33,15.12,1.37,40.76,22.7,26.57,32.61,94.76,3.1,5.27995410435424
2022-06-22,0,3.78,22,5.57,40.46,23.01,26.49,31.79,94.76,4.77,7.35374687008521
2022-06-23,0,4.27,18.75,2.63,38.19,21.44,27.11,30.23,94.84,5.36,5.76276218166884
2022-06-24,0,4.63,20.06,5.05,38.33,23.57,26.71,31.49,94.84,5.92,6.59840921293307
2022-06-25,0,5.12,19.81,5.46,39.85,24.43,26.38,32.56,94.87,6.49,6.89934877641193
2022-06-26,0,4.84,19.56,6.32,40.58,25.48,25.95,33.4,94.93,6.12,7.12253771640611
2022-06-27,0,4.54,16.94,4.01,41.13,25.44,26.25,33.7,94.96,5.75,6.26697414372667
2022-06-28,0,5.26,17.25,4.2,40.61,24.87,26.25,33.01,94.92,6.63,6.15304044390136
2022-06-29,0,5.49,23.69,6.44,38.87,23.39,26.33,31.17,94.86,6.9,7.6597245956714
2022-06-30,0,3.11,19.62,5.11,40.76,23.41,25.89,32.55,94.82,4.04,6.82954277145355
2022-07-01,0,3.98,14.31,2.07,42.69,27.01,27.57,34.46,94.78,5.12,5.50986794353054
2022-07-02,0,5.76,16.31,1.84,38.62,24.72,28.47,31.67,94.97,7.32,5.4168994277066
2022-07-03,0,3.09,19.94,5.15,41.59,23.26,27.65,32.58,94.7,4,6.95201536110626
2022-07-04,0,5.31,21.94,5.64,37.78,24.06,27.95,30.63,94.68,6.69,6.89056398680859
2022-07-05,0,4.73,27.75,9.05,38.12,22.05,27.57,30.3,94.8,5.9,8.56125603968516
2022-07-06,0,5.18,28.62,8.7,37.46,22.14,27.79,30.05,94.86,6.5,8.71093699186881
2022-07-07,0,4.48,22.44,5.54,38.62,22.64,27.98,30.89,94.92,5.69,7.1470776165963
2022-07-08,0,4.84,22.94,6.4,38.69,22.93,27.89,31.18,94.95,6.13,7.42121325613727
2022-07-09,0,3.38,21,6.44,41.14,24.08,27.17,33.22,94.75,4.34,7.57444203874366
2022-07-10,0.01,4.83,36.62,12.57,38.43,23.34,26.46,30.63,94.66,6,11.5010233909266
2022-07-11,0,5.38,32.88,9.4,37.7,21.35,27.11,28.97,94.8,6.67,9.43627402817727
2022-07-12,0,4.66,29.56,7.67,37.23,20.07,27.92,28.76,95.04,5.78,8.38658929465734
2022-07-13,0,4.36,33.25,9.11,36.39,20.33,27.68,28.69,95,5.41,9.39741122187395
2022-07-14,0,5.16,34.19,9.65,36.23,20.65,27.49,28.61,94.87,6.39,9.62082841916279
2022-07-15,0,4.34,30.69,6.69,37.03,20.07,27.81,28.5,94.8,5.4,8.5840344104906
2022-07-16,0,2.74,25.62,5.22,36.93,20.21,27.81,29.05,94.87,3.49,7.3849214824916
2022-07-17,0,2.95,17.94,1.81,38.22,21.4,28.16,30.15,94.88,3.77,5.48997941328077
2022-07-18,0,5.05,23.19,5.45,37.97,21.59,27.68,30.01,94.82,6.31,7.04294472692811
2022-07-19,0,5.96,28,7.63,37.05,22.48,27.18,29.69,94.83,7.45,8.35733115068708
2022-07-20,0,4.5,28.56,7.77,37.34,21.04,27.35,29.51,94.88,5.61,8.44143496198892
2022-07-21,0,4.09,30.69,8.8,37.51,21.55,27.17,29.54,94.89,5.07,9.08581626796468
2022-07-22,0,3.84,25.88,6.1,36.98,21.13,27.43,29.12,94.9,4.77,7.48843135987113
2022-07-23,0,3.46,24.5,6.32,37.62,21.48,27.24,29.89,94.94,4.33,7.39252449949972
2022-07-24,0,4.98,24.38,6.4,37.79,22.05,27.37,29.98,94.88,6.22,7.39232006444446
2022-07-25,0,5.25,23.94,5.78,37.23,21.64,27.66,29.88,94.69,6.58,7.2196334453132
2022-07-26,0,5.36,22.88,5.63,37.84,22.62,27.21,30.54,94.61,6.7,7.15095712512043
2022-07-27,0,3.99,20.19,4.52,38.38,23.42,27.51,31.12,94.55,5.02,6.51054177764717
2022-07-28,0,3.77,20.12,4.05,39.58,22.87,27.38,31.44,94.6,4.77,6.60042372491391
2022-07-29,0,3.99,20.56,5.26,38.8,24.05,27.16,31.66,94.75,5.04,6.82475988329962
2022-07-30,0,3.49,20.62,5.65,38.4,24.24,26.56,31.81,94.73,4.4,6.89984407319367
2022-07-31,0,4.18,22.44,5.47,39.27,23.92,27.19,31.44,94.71,5.24,7.36150638106701
2022-08-01,0,4,21.62,5.44,39.05,22.9,27.5,31.08,94.64,5.07,6.95668530582147
2022-08-02,0,2.88,22.69,7.19,40.37,24.21,27.23,32.15,94.54,3.66,7.73166421406846
2022-08-03,0,4.12,28.25,8.96,39.35,22.83,26.97,31.2,94.61,5.12,9.14885417521714
2022-08-04,0,4.3,27.25,9.11,40.01,23.21,26.23,31.43,94.69,5.36,8.9346470092069
2022-08-05,0,3.98,23.88,7.32,39.69,23.19,26.75,31.76,94.73,4.93,7.96935655174646
2022-08-06,0,3.66,25.5,9.12,39.11,23.99,26.43,32.08,94.68,4.55,8.65677918327381
2022-08-07,0,4.03,27.5,9.06,36.7,23.91,26.21,30.84,94.61,5.01,8.73511431672397
2022-08-08,0,3.6,22.19,5.8,38.58,22.86,26.76,30.92,94.68,4.51,7.07888056203077
2022-08-09,0,3.55,25.44,7.88,38.88,23.19,26.63,31.24,94.78,4.45,8.25655084568589
2022-08-10,0,4.09,27,8.32,38.37,23,26.26,30.83,94.79,5.1,8.57167430750894
2022-08-11,0,4.95,24.88,6.05,37.43,22.8,26.64,29.85,94.8,6.15,7.49090368432872
2022-08-12,0,2.85,21.12,4.52,37.47,21.71,26.69,29.97,94.8,3.63,6.40037542531757
2022-08-13,0,2.47,21.06,5.62,39.3,23.06,26.1,31.62,94.74,3.23,6.97577197318084
2022-08-14,0,3.95,29.12,9.23,39.08,23.91,25.51,31.15,94.74,4.92,9.40529895106276
2022-08-15,0,3.23,20.94,5.83,40.58,23.36,26.07,31.78,94.69,4.15,6.99568646743231
2022-08-16,0,4.87,22.5,6.66,39.73,23.43,26.42,31.65,94.82,6.21,7.46473201154608
2022-08-17,0,4.49,25.19,8.61,39.35,24.59,25.99,31.81,94.81,5.68,8.42905296817404
2022-08-18,0,4.12,23.75,7.44,39.73,23.97,26.04,31.9,94.7,5.22,7.98553752818115
2022-08-19,0,3.3,24.12,6.27,38.76,21.76,26.6,30.77,94.62,4.19,7.63264066080915
2022-08-20,0,4.02,23.44,7.05,39.25,23.65,26.1,31.58,94.75,5.13,7.7474874197473
2022-08-21,0,4.19,31.31,11.73,39.27,23.56,25.35,31.74,94.66,5.21,10.4377576440767
2022-08-22,0,2.59,30.5,11.56,38.29,23.78,23.84,31.93,94.54,3.23,10.271567122565
2022-08-23,0,3.44,25.38,9.56,38.99,25.73,23.1,32.69,94.61,4.27,8.9005459387365
2022-08-24,0,3.68,21.31,7.16,39.55,24.76,22.2,32.75,94.67,4.59,7.49709055262451
2022-08-25,0,4.69,28.19,10.87,39.04,24.83,25.1,32.42,94.62,5.83,9.74502930737344
2022-08-26,0,3.79,25.75,9.64,39.01,25.1,24.28,32.55,94.52,4.73,8.96333977395153
2022-08-27,0,3.73,26.31,9.58,39.61,24.53,24.94,32.2,94.59,4.67,8.98912918447442
2022-08-28,0,3.71,28.5,9.38,39.3,23.38,25.01,31.26,94.78,4.62,9.25961558453115
2022-08-29,0,4.61,33.25,10.98,36.85,22.94,24.82,30.01,94.96,5.73,10.0982282091574
2022-08-30,0,4.16,26.44,8.23,37.63,24.15,24.63,30.9,95.03,5.22,8.42560302294106
2022-08-31,0,2.69,20.88,6.16,38.94,23.77,24.75,31.74,94.91,3.47,6.9607275505692
2022-09-01,0,4.01,28.56,9.42,38.34,23.7,24.68,30.94,94.92,5,9.12080467610339
2022-09-02,0,3.7,23.81,7.4,39.69,23.51,24.64,31.45,94.95,4.72,7.81512926953032
2022-09-03,0,4.61,29.69,7.82,38.12,21.76,25.27,30.02,95.04,5.77,9.02192440048202
2022-09-04,0,4.92,34.06,9.41,37,20.88,24.78,28.74,95.2,6.14,9.6527297444752
2022-09-05,0,4.96,35.69,11.15,37.01,20.94,24.18,29.08,95.22,6.21,10.3044488068893
2022-09-06,0,4.55,33.12,10.08,37.29,22.69,24.64,29.39,95.09,5.71,9.72547558507732
2022-09-07,0,4.91,42.12,11.88,35.58,19.69,24.31,27.51,95.06,6.1,11.1561620647115
2022-09-08,0,4.93,39.5,9.83,34.62,19.55,24.35,26.51,95.04,6.12,9.89770077795034
2022-09-09,0,3.84,38.25,9.8,33.39,18.73,23.83,26.09,95.07,4.82,9.36259283180988
2022-09-10,0,4.21,30.38,6.99,33.89,19.26,24.15,26.8,95.11,5.3,7.73623806510167
2022-09-11,0,3.4,23.19,3.82,35.93,20.62,24.37,28.09,95.07,4.39,6.34183578138993
2022-09-12,0,2.39,20.31,4.96,37.79,23.07,23.39,30.51,94.85,3.09,6.33744828192653
2022-09-13,0,3.24,30.25,9.94,38.71,22.25,21.46,30.9,94.76,4.07,9.63973114387167
2022-09-14,0,3.25,30,9.5,36.09,22.34,22.48,29.52,94.94,4.06,8.87188036848155
2022-09-15,0,2.62,26.5,6.76,36.12,21.27,23.65,28.79,94.95,3.33,7.53077804316947
2022-09-16,0,2.14,23.69,4.63,36.48,20.47,23.72,28.91,94.77,2.77,6.77656368532576
2022-09-17,0,2.22,17.75,0.67,37.27,19.9,23.69,29.05,94.58,2.99,5.11640735028204
2022-09-18,0,2.27,13.88,-2.13,38.11,20.36,23.77,29.53,94.75,3.11,4.1069575802149
2022-09-19,0,3.32,15.5,-0.05,38.3,21.06,23.07,29.63,95.03,4.45,4.61131460941101
2022-09-20,0,1.43,16.94,1.78,39.8,22.53,23.01,31.09,94.98,2.2,5.45373003842029
2022-09-21,0,3.24,13.69,-0.41,40.85,23.3,21.16,32.19,94.85,4.4,4.67485989389226
2022-09-22,0,2.91,28.69,8.94,40.39,23.3,22.52,31.56,94.78,3.77,9.47258252264468
2022-09-23,0,4.38,22.25,5.09,40.4,23.15,22.54,31.33,94.65,5.64,7.25622039826754
2022-09-24,0,4.65,41.06,13.55,36.48,22.04,21.45,29.22,94.83,5.8,11.9457982855016
2022-09-25,0,3.98,42,12.75,35.38,20.9,21.65,27.88,95.01,4.96,11.3538271458161
2022-09-26,0,3.26,32.81,9.85,35.97,21.67,21.76,28.66,95.07,4.11,9.25783087725575
2022-09-27,0,1.91,25.5,6.47,37.68,21.73,22.05,29.87,94.98,2.66,7.68591325614246
2022-09-28,0,2.27,20.38,4.63,38.89,22.55,21.29,30.82,94.75,3.14,6.46654131597236
2022-09-29,0,2.45,14.94,1.12,39.91,23.18,21.988645,31.44,94.6,3.4,4.90110986333071
2022-09-30,0,3.58,13.25,-1.19,39.98,23.54,22.68729,31.39,94.72,4.79,4.33505691844765
